Adressregister ,Variable ,Gehört zu R/W ,Daten- ,Daten- ,Bemerkung ,/ ,
,,,Format ,Modell ,Einheit ,,
,Meter ,,,,,,
,Netzzähler - Konfiguration,,,,,,
0000H,Grid Meter CT Enable,R/W,Belegt 2 ,unsigned short,1/bit,,
,Netzzähler CT Aktivieren,,Bytes,,,,
0001H,Grid Meter CT Rate,R/W,Belegt 2 ,unsigned short,1/bit,,
,Netzzähler CT Verhältnis,,Bytes,,,,
,Netzzähler - Betrieb,,,,,,
0010H,Total energy feed to grid(Grid),R,Belegt 4 ,unsigned int,0.01KWh/bit,,
0011H,Gesamte Netzeinspeisung (Netz),,Bytes,,,,
0012H,Total  energy  consume  from,R,Belegt 4 ,unsigned int,0.01KWh/bit,,
0013H,grid(Grid)  ,,Bytes,,,,
,Gesamter Netzbezug (Netz),,,,,,
0014H,Voltage of A phase(Grid),R,Belegt 2 ,unsigned short,1V,,
,Spannung Phase A (Netz),,Bytes,,,,
0015H,Voltage of B phase(Grid),R,Belegt 2 ,unsigned short,1V,,
,Spannung Phase B (Netz),,Bytes,,,,
0016H,Voltage of C phase(Grid),R,Belegt 2 ,unsigned short,1V,,
,Spannung Phase C (Netz),,Bytes,,,,
0017H,Current of A phase(Grid),R,Belegt 2 ,short,0.1A,,
,Strom Phase A (Netz),,Bytes,,,,
0018H,Current of B phase(Grid),R,Belegt 2 ,short,0.1A,,
,Strom Phase B (Netz),,Bytes,,,,
0019H,Current of C phase(Grid),R,Belegt 2 ,short,0.1A,,
,Strom Phase C (Netz),,Bytes,,,,
001AH,Frequency(Grid),R,Belegt 2 ,unsigned short,0.01HZ,,
,Frequenz (Netz),,Bytes,,,,
001BH,Active power of A phase(Grid),R,Belegt 4 ,int,1w/bit,,
001CH,Wirkleistung Phase A (Netz),,Bytes,,,,
001DH,Active power of B phase(Grid),R,Belegt 4 ,int,1w/bit,,
001EH,Wirkleistung Phase B (Netz),,Bytes,,,,
001FH,Active power of C phase(Grid),R,Belegt 4 ,int,1w/bit,,
0020H,Wirkleistung Phase C (Netz),,Bytes,,,,
0021H,Total Active power(Grid Meter),R,Belegt 4 ,int,1w/bit,,
0022H,Gesamte Wirkleistung (Netzzähler),,Bytes,,,,
0023H,Reactive power of A phase(Grid),R,Belegt 4 ,int,1Var,,
0024H,Blindleistung Phase A (Netz),,Bytes,,,,
,,,,,,,
0025H,Reactive power of B phase(Grid),R,Belegt 4 ,int,1Var,,
0026H,Blindleistung Phase B (Netz),,Bytes,,,,
0027H,Reactive power of C phase(Grid),R,Belegt 4 ,int,1Var,,
0028H,Blindleistung Phase C (Netz),,Bytes,,,,
0029H,Total reactive power(Grid),R,Belegt 4 ,int,1Var,,
002AH,Gesamte Blindleistung (Netz),,Bytes,,,,
002BH,Apparent power of A phase(Grid),R,Belegt 4 ,int,1VA,,
002CH,Scheinleistung Phase A (Netz),,Bytes,,,,
002DH,Apparent power of B phase(Grid),R,Belegt 4 ,int,1VA,,
002EH,Scheinleistung Phase B (Netz),,Bytes,,,,
002FH,Apparent power of C phase(Grid),R,Belegt 4 ,int,1VA,,
0030H,Scheinleistung Phase C (Netz),,Bytes,,,,
0031H,Total apparent power(Grid),R,Belegt 4 ,int,1VA,,
0032H,Gesamte Scheinleistung (Netz),,Bytes,,,,
0033H,Power factor of A phase(Grid),R,Belegt 2 ,short,0.01,,
,Leistungsfaktor Phase A (Netz),,Bytes,,,,
0034H,Power factor of B phase(Grid),R,Belegt 2 ,short,0.01,,
,Leistungsfaktor Phase B (Netz),,Bytes,,,,
0035H,Power factor of C phase(Grid),R,Belegt 2 ,short,0.01,,
,Leistungsfaktor Phase C (Netz),,Bytes,,,,
0036H,Total Power factor(Grid),R,Belegt 2 ,short,0.01,,
,Leistungsfaktor Gesamt (Netz),,Bytes,,,,
PV-Zähler - Konfiguration,,,,,,,
0080H,PV Meter CT Enable,R/W,Belegt 2 ,unsigned short,1/bit,,
,PV-Zähler CT Aktivieren,,Bytes,,,,
0081H,PV Meter CT Rate,R/W,Belegt 2 ,unsigned short,1/bit,,
,PV-Zähler CT Verhältnis,,Bytes,,,,
PV-Zähler - Betrieb,,,,,,,
0090H,Total energy feed to Grid(PV),R,Belegt 4 ,unsigned int,0.01KWh/bit,,
0091H,Gesamte Netzeinspeisung (PV),,Bytes,,,,
0092H,Total  energy  consumed from,R,Belegt 4 ,unsigned int,0.01KWh/bit,,
0093H,Grid(PV),,Bytes,,,,
,Gesamter Netzbezug (PV),,,,,,
0094H,Voltage of A phase(PV),R,Belegt 2 ,unsigned short,1V,,
,Spannung Phase A (PV),,Bytes,,,,
0095H,Voltage of B phase(PV),R,Belegt 2 ,unsigned short,1V,,
,Spannung Phase B (PV),,Bytes,,,,
0096H,Voltage of C phase(PV),R,Belegt 2 ,unsigned short,1V,,
,Spannung Phase C (PV),,Bytes,,,,
0097H,Current of A phase(PV),R,Belegt 2 ,short,0.1A,,
,Strom Phase A (PV),,Bytes,,,,
,,,,,,,
0098H,Current of B phase(PV),R,Belegt 2 ,short,0.1A,,
,Strom Phase B (PV),,Bytes,,,,
0099H,Current of C phase(PV),R,Belegt 2 ,short,0.1A,,
,Strom Phase C (PV),,Bytes,,,,
009AH,Frequency(PV),R,Belegt 2 ,unsigned short,0.01HZ,,
,Frequenz (PV),,Bytes,,,,
009BH,Active power of A phase(PV),R,Belegt 4 ,int,1w/bit,,
009CH,Wirkleistung Phase A (PV),,Bytes,,,,
009DH,Active power of B phase(PV),R,Belegt 4 ,int,1w/bit,,
009EH,Wirkleistung Phase B (PV),,Bytes,,,,
009FH,Active power of C phase(PV),R,Belegt 4 ,int,1w/bit,,
00A0H,Wirkleistung Phase C (PV),,Bytes,,,,
00A1H,Total Active power(PV Meter) ,R,Belegt 4 ,int,1w/bit,,
00A2H,Gesamte Wirkleistung (PV),,Bytes,,,,
00A3H,Reactive power of A phase(PV),R,Belegt 4 ,int,1Var,,
00A4H,Blindleistung Phase A (PV),,Bytes,,,,
00A5H,Reactive power of B phase(PV),R,Belegt 4 ,int,1Var,,
00A6H,Blindleistung Phase B (PV),,Bytes,,,,
00A7H,Reactive power of C phase(PV),R,Belegt 4 ,int,1Var,,
00A8H,Blindleistung Phase C (PV),,Bytes,,,,
00A9H,Total reactive power(PV),R,Belegt 4 ,int,1Var,,
00AAH,Gesamte Blindleistung (PV),,Bytes,,,,
00ABH,Apparent power of A phase(PV),R,Belegt 4 ,int,1VA,,
00ACH,Scheinleistung Phase A (PV),,Bytes,,,,
00ADH,Apparent power of B phase(PV),R,Belegt 4 ,int,1VA,,
00AEH,Scheinleistung Phase B (PV),,Bytes,,,,
00AFH,Apparent power of C phase(PV),R,Belegt 4 ,int,1VA,,
00B0H,Scheinleistung Phase C (PV),,Bytes,,,,
00B1H,Total apparent power(PV),R,Belegt 4 ,int,1VA,,
00B2H,Gesamte Scheinleistung (PV),,Bytes,,,,
00B3H,Power factor of A phase(PV),R,Belegt 2 ,short,0.01,,
,Leistungsfaktor Phase A (PV),,Bytes,,,,
00B4H,Power factor of B phase(PV),R,Belegt 2 ,short,0.01,,
,Leistungsfaktor Phase B (PV),,Bytes,,,,
00B5H,Power factor of C phase(PV),R,Belegt 2 ,short,0.01,,
,Leistungsfaktor Phase C (PV),,Bytes,,,,
00B6H,Total Power factor(PV),R,Belegt 2 ,short,0.01,,
,Leistungsfaktor Gesamt (PV),,Bytes,,,,
Batterie – HOME-Serie ,,,,,,,
0100H,Battery voltage,R,Belegt 2 ,unsigned short,0.1V/bit,,
,Batteriespannung,,Bytes,,,,
,,,,,,,
0101H,Battery current,R,Belegt 2 ,short,0.1A/bit,,
,Batteriestrom,,Bytes,,,,
0102H,Battery SOC,R,Belegt 2 ,unsigned short,0.1/bit,,
,Batterie-Ladezustand,,Bytes,,,,
0103H,Battery status,R,Belegt 2 ,unsigned short,Hinweis1,,
,Batteriestatus,,Bytes,,,,
0104H,Battery relay status,R,Belegt 2 ,unsigned short,Hinweis2,,
,Batterierelaisstatus,,Bytes,,,,
0105H,Pack ID of min cell voltage,R,Belegt 2 ,unsigned short,0.001V/bit,,
,Pack ID der min. Zellenspannung,,Bytes,,,,
0106H,Cell ID of min cell voltage,R,Belegt 2 ,unsigned short,0.001V/bit,,
,Zellen-ID der min. Zellenspannung,,Bytes,,,,
0107H,Min cell voltage,R,Belegt 2 ,unsigned short,0.001V/bit,,
,Min. Zellenspannung,,Bytes,,,,
0108H,Pack ID of max cell voltage,R,Belegt 2 ,unsigned short,0.001V/bit,,
,Pack ID der max. Zellenspannung,,Bytes,,,,
0109H,Cell ID of max cell voltage,R,Belegt 2 ,unsigned short,0.001V/bit,,
,Zellen-ID der max. Zellenspannung,,Bytes,,,,
010AH,Max cell voltage,R,Belegt 2 ,unsigned short,0.001V/bit,,
,Max. Zellenspannung,,Bytes,,,,
010BH,Pack ID of min cell temperature,R,Belegt 2 ,unsigned short,0.1℃/bit,,
,Pack ID der min. Zelltemperatur,,Bytes,,,,
010CH,Cell ID of min cell temperature,R,Belegt 2 ,unsigned short,0.1℃/bit,,
,Zell-ID der min. Zelltemperatur,,Bytes,,,,
010DH,Min cell temperature,R,Belegt 2 ,short,0.1℃/bit,,
,Min. Zelltemperatur,,Bytes,,,,
010EH,Pack ID of max cell temperature,R,Belegt 2 ,unsigned short,0.1℃/bit,,
,Pack ID der max. Zelltemperatur,,Bytes,,,,
010FH,Cell ID of max cell temperature,R,Belegt ,unsigned short,0.1℃/bit,,
,Zellen-ID der max. Zelltemperatur,,2 Bytes,,,,
0110H,Max cell temperature,R,Belegt 2 ,short,0.1℃/bit,,
,Max. Zelltemperatur,,Bytes,,,,
0111H,Battery max charge current,R,Belegt 2 ,unsigned short,0.1A/bit,,
,Max. Ladestrom der Batterie,,Bytes,,,,
0112H,Battery max discharge current,R,Belegt 2 ,unsigned short,0.1A/bit,,
,Max. Entladestrom der Batterie,,Bytes,,,,
0113H,Battery charge cut-off voltage,R,Belegt ,unsigned short,0.1V/bit,,
,Abschaltspannung für ,,2 Bytes,,,,
,Batterieladung,,,,,,
0114H,Battery discharge cut-off voltage,R,Belegt 2 ,unsigned short,0.1V/bit,,
,Abschaltspannung für ,,Bytes,,,,
,Batterieentladung,,,,,,
,,,,,,,
0115H,BMU software version,R,Belegt 2 ,unsigned short, ,,
,BMU-Softwareversion,,Bytes,,,,
0116H,LMU software version,R,Belegt 2 ,unsigned short, ,,
,LMU-Softwareversion,,Bytes,,,,
0117H,ISO software version,R,Belegt 2 ,unsigned short, ,,
,ISO-Softwareversion,,Bytes,,,,
0118H,Battery num,R,Belegt 2 ,unsigned short,Battery module number,,
,Batterienummer,,Bytes,,,,
0119H,Battery capacity,R,Belegt 2 ,unsigned short,0.1KWH/bit,,
,Batteriekapazität,,Bytes,,,,
011AH,Battery type,R,Belegt 2 ,unsigned short,Hinweis3,,
,Batterietyp,,Bytes,,,,
011BH,Battery SOH,R,Belegt 2 ,unsigned short,0.1/bit,,
,Batterie SOH,,Bytes,,,,
011CH,Battery warning,R,Belegt 4 ,unsigned int,Reserve,,
011DH,Batteriewarnung,,Bytes,,,,
011EH,Battery fault,R,Belegt 4 ,unsigned int,Hinweis4,,
011FH,Batteriefehler,,Bytes,,,,
0120H,Battery charge energy,R,Belegt 4 ,unsigned int,0.1KWH/bit,,
0121H,Batterieladeenergie,,Bytes,,,,
0122H,Battery discharge energy,R,Belegt 4 ,unsigned int,0.1KWH/bit,,
0123H,Batterieentladeenergie,,Bytes,,,,
0124H,Battery energy charge from grid,R,Belegt 4 ,unsigned int,0.1KWH/bit,,
0125H,Batterieladung aus Netz,,Bytes,,,,
0126H,Battery Power,R,Belegt ,short,1W/bit（,,
,Batterieleistung,,2 Bytes,,"-: Charge,",,
,,,,,+: Discharge）,,
0127H,Battery remaining time,R,Belegt 2 ,unsigned short,1Minute/bit,,
,,,Bytes,,,,
0128H,Battery Implementation Charge,R,Belegt 2 ,unsigned short,0.1/bit(Rate_SOC-,,
,SOC,,Bytes,,UPS_SOC),,
0129H,Battery Implementation Discharge,R,Belegt 2 ,unsigned short,0.1/bit(Rate_SOC-,,
,SOC,,Bytes,,UPS_SOC),,
012AH,Battery Remaining Charge SOC,R,Belegt 2 ,unsigned short,0.1/bit(Rate_SOC-,,
,,,Bytes,,Remain_SOC),,
012BH,Battery Remaining Discharge SOC,R,Belegt 2 ,unsigned short,0.1/bit(Remain_SOC,,
,,,Bytes,,- UPS_SOC),,
012CH,Battery Max charge power,R,Belegt 2 ,unsigned short,1W/bit,,
,,,Bytes,,,,
012DH,Battery Max Discharge power,R,Belegt 2 ,unsigned short,1W/bit,,
,,,Bytes,,,,
,,,,,,,
012EH,Battery MOS Control,R/W,Belegt 2 ,unsigned short,"0:Open, 1:Close",,
,,,Bytes,,,,
012FH,Battery SOC Calibration,R,Belegt 2 ,unsigned short,"0:Disable, 1: Enable",,
,,,Bytes,,,,
0130H,Battery Single cut error code,R,Belegt 2 ,unsigned short, ,,
,,,Bytes,,,,
0131H,Battery fault1,R,Belegt ,unsigned int, ,,
0132H,,,4 Bytes,,,,
0133H,Battery fault2,R,Belegt 4 ,unsigned int, ,,
0134H,,,Bytes,,,,
0135H,Battery fault3,R,Belegt 4 ,unsigned int, ,,
0136H,,,Bytes,,,,
0137H,Battery fault4,R,Belegt 4 ,unsigned int, ,,
0138H,,,Bytes,,,,
0139H,Battery fault5,R,Belegt 4 ,unsigned int, ,,
013AH,,,Bytes,,,,
013BH,Battery fault6,R,Belegt 4 ,unsigned int, ,,
013CH,,,Bytes,,,,
013DH,Battery warning1,R,Belegt 4 ,unsigned int, ,,
013EH,,,Bytes,,,,
013FH,Battery warning2,R,Belegt 4 ,unsigned int, ,,
0140H,,,Bytes,,,,
0141H,Battery warning3,R,Belegt 4 ,unsigned int, ,,
0142H,,,Bytes,,,,
0143H,Battery warning4,R,Belegt 4 ,unsigned int, ,,
0144H,,,Bytes,,,,
0145H,Battery warning5,R,Belegt 4 ,unsigned int, ,,
0146H,,,Bytes,,,,
0147H,Battery warning6,R,Belegt 4 ,unsigned int, ,,
0148H,,,Bytes,,,,
Wechselrichter – HOME-Serie ,,,,,,,
0400H,Inverter_Voltage_L1,R,Belegt 2 ,unsigned short,0.1V/bit,,
,WR-Spannung L1,,Bytes,,,,
0401H,Inverter _Voltage_L2,R,Belegt 2 ,unsigned short,0.1V/bit,,
,WR-Spannung L2,,Bytes,,,,
0402H,Inverter_Voltage_L3,R,Belegt 2 ,unsigned short,0.1V/bit,,
,WR-Spannung L3,,Bytes,,,,
0403H,Inverter_Current_L1,R,Belegt 2 ,short,0.1A/bit,,
,WR-Strom L1,,Bytes,,,,
0404H,Inverter_Current_L2,R,Belegt 2 ,short,0.1A/bit,,
,WR-Strom L2,,Bytes,,,,
0405H,Inverter_Current_L3,R,Belegt 2 ,short,0.1A/bit,,
,WR-Strom L3,,Bytes,,,,
,,,,,,,
0406H,Inverter_Power_L1,R,Belegt 4 ,int,1W/bit,,
0407H,WR-Leistung L1,,Bytes,,,,
0408H,Inverter_Power_L2,R,Belegt 4 ,int,1W/bit,,
0409H,WR-Leistung L2,,Bytes,,,,
040AH,Inverter_Power_L3,R,Belegt ,int, ,,
040BH,WR-Leistung L3,,4 Bytes,,1W/bit,,
040CH,Inverter_Power_Total,R,Belegt 4 ,int,1W/bit,,
040DH,WR-Gesamtleistung ,,Bytes,,,,
040EH,Inverter_Backup_Voltage_L1,R,Belegt 2 ,unsigned short,0.1V/bit,,
,WR-Backupspannung L1,,Bytes,,,,
040FH,Inverter_Backup_Voltage_L2,R,Belegt 2 ,unsigned short,0.1V/bit,,
,WR-Backupspannung L2,,Bytes,,,,
0410H,Inverter_Backup_Voltage_L3,R,Belegt 2 ,unsigned short,0.1V/bit,,
,WR-Backupspannung L3,,Bytes,,,,
0411H,Inverter_Backup_Current_L 1,R,Belegt 2 ,unsigned short,0.1A/bit,,
,WR-Backupstrom L1,,Bytes,,,,
0412H,Inverter_Backup_Current_L2,R,Belegt 2 ,unsigned short,0.1A/bit,,
,WR-Backupstrom L2,,Bytes,,,,
0413H,Inverter_Backup_Current_L3,R,Belegt 2 ,unsigned short,0.1A/bit,,
,WR-Backupstrom L3,,Bytes,,,,
0414H,Inverter_Backup_Power_L1,R,Belegt 4 ,unsigned int,1W/bit,,
0415H,WR-Backupleistung L1,,Bytes,,,,
0416H,Inverter_Backup_Power_L2,R,Belegt 4 ,unsigned int,1W/bit,,
0417H,WR-Backupleistung L2,,Bytes,,,,
0418H,Inverter_Backup_Power_L3,R,Belegt ,unsigned int,1W/bit,,
0419H,WR-Backupleistung L3,,4 Bytes,,,,
041AH,Inverter_Backup_Power_Total,R,Belegt ,unsigned int,1W/bit,,
041BH,WR-Gesamtbackupleistung ,,4 Bytes,,,,
041CH,Inverter Grid Frequency,R,Belegt 2 ,unsigned short,0.01Hz/bit,,
,WR-Netzfreqzenz,,Bytes,,,,
041DH,PV1 Voltage,R,Belegt 2 ,unsigned short,0.1V/bit,,
,PV1-Spannung,,Bytes,,,,
041EH,PV1 Current,R,Belegt 2 ,unsigned short,0.1A/bit,,
,PV1-Strom,,Bytes,,,,
041FH,PV1 power,R,Belegt 4 ,unsigned int,1w/bit,,
0420H,PV1-Leistung,,Bytes,,,,
0421H,PV2 Voltage,R,Belegt 2 ,unsigned short,0.1V/bit,,
,PV2-Spannung,,Bytes,,,,
0422H,PV2 Current,R,Belegt 2 ,unsigned short,0.1A/bit,,
,PV2-Strom,,Bytes,,,,
0423H,PV2 power,R,Belegt 4 ,unsigned int,1w/bit,,
0424H,PV2-Leistung,,Bytes,,,,
,,,,,,,
0425H,PV3 Voltage,R,Belegt 2 ,unsigned short,0.1V/bit,,
,PV3-Spannung,,Bytes,,,,
0426H,PV3 Current,R,Belegt 2 ,unsigned short,0.1A/bit,,
,PV3-Strom,,Bytes,,,,
0427H,PV3 power,R,Belegt ,unsigned int,1w/bit,,
0428H,PV3-Leistung,,4 Bytes,,,,
0429H,PV4 Voltage  ,R,Belegt 2 ,unsigned short,0.1V/bit,,
,PV4-Spannung,,Bytes,,,,
042AH,PV4 Current,R,Belegt 2 ,unsigned short,0.1A/bit,,
,PV4-Strom,,Bytes,,,,
042BH,PV4 power,R,Belegt 4 ,unsigned int,1w/bit,,
042CH,PV4-Leistung,,Bytes,,,,
042DH,PV5 Voltage,R,Belegt 2 ,unsigned short,0.1V/bit,,
,PV5-Spannung,,Bytes,,,,
042EH,PV5 Current,R,Belegt 2 ,unsigned short,0.1A/bit,,
,PV5-Strom,,Bytes,,,,
042FH,PV5 power,R,Belegt 4 ,unsigned int,1w/bit,,
0430H,PV5-Leistung,,Bytes,,,,
0431H,PV6 Voltage,R,Belegt 2 ,unsigned short,0.1V/bit,,
,PV6-Spannung,,Bytes,,,,
0432H,PV6 Current,R,Belegt 2 ,unsigned short,0.1A/bit,,
,PV6-Strom,,Bytes,,,,
0433H,PV6 power,R,Belegt 4 ,unsigned int,1w/bit,,
0434H,PV6-Leistung,,Bytes,,,,
0435H,INV Temperature,R,Belegt 2 ,unsigned short,0.1℃/bit,,
,WR-Temperatur,,Bytes,,,,
0436H,Inverter warning1,R,Belegt 4 ,unsigned int,Reserve,,
0437H,WR-Warnung1,,Bytes,,,,
0438H,Inverter warning2,R,Belegt 4 ,unsigned int,Reserve,,
0439H,WR-Warnung2,,Bytes,,,,
043AH,Inverter fault1,R,Belegt 4 ,unsigned int,Reserve,,
043BH,WR-Fehler1,,Bytes,,,,
043CH,Inverter fault2,R,Belegt 4 ,unsigned int,Reserve,,
043DH,WR-Fehler2,,Bytes,,,,
043EH,Inverter Total PV Energy,R,Belegt 4 ,unsigned int,0.1KWH/bit,,
043FH,PV-Gesamtenergie,,Bytes,,,,
0440H,Inverter work mode,R,Belegt 2 ,unsigned short,Hinweis5,,
,WR-Arbeitsmodus,,Bytes,,,,
Wechselrichter – Information,,,,,,,
0680H~,Inverter master software version,R,Belegt 10 ,unsigned char, ,,
0644H,WR (Master) Software-Version,,Bytes,,,,
,,,,,,,
0645H~,Inverter slave software version,R,Belegt 10 ,unsigned char, ,,
0649H,WR (Slave) Software-Version,,Bytes,,,,
064AH~,Inverter SN,R,Belegt 20 ,unsigned char, ,,
0653H,WR-SN,,Bytes,,,,
System – Information ,,,,,,,
0740H,System_time : (year)-(month),R/W,Belegt ,unsigned short,Data format hex;,,
,Systemzeit: (Jahr)-(Monat),,2 Bytes,,"0xYYMM, example: Send 0x1109; year:0x11(2017) month:0x09(09);",,
0741H,System_time : (day)-(hour),R/W,Belegt ,unsigned short,Data format hex;,,
,Systemzeit: (Tag)-(Stunde),,2 Bytes,,"0xDDHH, example: Send 0x1109; day:0x11(The 17 day) hour:0x09(09);",,
0742H,System_time : (minute)-(second),R/W,Belegt ,unsigned short,Data format hex;,,
,Systemzeit: (Minute)-(Sekunde),,2 Bytes,,"0xmmss, example: Send 0x1109; min:0x11(17) second:0x09(09);",,
0743H,EMS SN byte1-2,R,Belegt 2 ,unsigned short,EMS SN :ASCII,,
,,,Bytes,,0x414C==’AL’,,
0744H,EMS SN byte3-4,R,Belegt 2 ,unsigned short,EMS SN :ASCII,,
,,,Bytes,,0x3132==’12’,,
0745H,EMS SN byte5-6,R,Belegt 2 ,unsigned short,EMS SN :ASCII,,
,,,Bytes,,0x3132==’12’,,
0746H,EMS SN byte7-8,R,Belegt 2 ,unsigned short,EMS SN :ASCII,,
,,,Bytes,,0x3132==’12’,,
0747H,EMS SN byte9-10,R,Belegt 2 ,unsigned short,EMS SN :ASCII,,
,,,Bytes,,0x3132==’12’,,
0748H,EMS SN byte11-12,R,Belegt 2 ,unsigned short,EMS SN :ASCII,,
,,,Bytes,,0x3132==’12’,,
0749H,EMS SN byte13-14,R,Belegt 2 ,unsigned short,EMS SN :ASCII,,
,,,Bytes,,0x3132==’12’,,
074AH,EMS SN byte15-16,R,Belegt 2 ,unsigned short,EMS SN :ASCII,,
,,,Bytes,,0x3132==’12’,,
074BH,EMS Version High,R,Belegt 2 ,unsigned short, ,,
,,,Bytes,,,,
074CH,EMS Version Middle,R,Belegt 2 ,unsigned short, ,,
,,,Bytes,,,,
074DH,EMS Version Low,R,Belegt 2 ,unsigned short, ,,
,,,Bytes,,,,
 , , , , , ,,
,,,,,,,
System – Konfiguration ,,,,,,,
0800H,MAX Feed into grid percent,R/W,Belegt 2 ,unsigned short,1%/bit,,
,,,Bytes,,,,
0801H,PV Capacity Storage,R/W,Belegt 4 ,unsigned,1W/bit,,
0802H,,,Bytes,int,,,
0803H,PV Capacity of Grid Inverter,R/W,Belegt 4 ,unsigned,1W/bit,,
0804H,,,Bytes,int,,,
0805H,System mode,R/W,Belegt ,unsigned short,1:AC Mode,,
,,,2 Bytes,,2:DC Mode,,
,,,,,3:Hybird Mode,,
0806H,Meter CT Select,R/W,Belegt ,unsigned short,0:Grid&PV use CT;,,
,,,2 Bytes,,";1:Grid use CT, PV use",,
,,,,,Meter;,,
,,,,,"2:Grid use Meter,",,
,,,,,PV use CT;,,
,,,,,3: Grid&PV use Meter;,,
0807H,Battery Ready,R/W,Belegt 2 ,unsigned short,0:OFF,,
,,,Bytes,,1:ON,,
0808H,IP Method,R/W,Belegt 2 ,unsigned short,0:DHCP 1:STATIC,,
,,,Bytes,,,,
0809H,Local IP,R/W,Belegt ,unsigned short,0xC0，0xA8，,,
080AH,,,4 Bytes,,0x01，0x01,,
,,,,,192.168.1.1,,
080BH,Subnet Mask,R/W,Belegt ,unsigned short,0xFF，0xFF，,,
080CH,,,4 Bytes,,0xFF，0x01,,
,,,,,255.255.255.1,,
080DH,Gateway,R/W,Belegt ,unsigned short,0xC0，0xA8，,,
080EH,,,4 Bytes,,0x01，0x01,,
,,,,,192.168.1.1,,
080FH,Modbus Address,R/W,Belegt 2 ,unsigned short,default 0x55 ,,
,,,Bytes,,,,
0810H,Modbus Baud rate,R/W,Belegt ,unsigned short,0：9600,,
,,,2 Bytes,,1：115200,,
,,,,,2：256000,,
Zeitsteuerung ,,,,,,,
084FH,Time period control flag,R/W,Belegt ,unsigned short,0 :Disable Time period control,,
,,,2 Bytes,,1:Enable Charge,,
,,,,,Time period control 2:Enable discharge,,
,,,,,Time period control 3:Enable Time period control,,
,,,,,,,
0850H,UPS Reserve Soc,R/W,Belegt 2 ,unsigned short,0.1/bit,,
,,,Bytes,,,,
0851H,Time discharge start time1,R/W,Belegt 2 ,unsigned short,1H/bit,,
,,,Bytes,,,,
0852H,Time discharge stop time1,R/W,Belegt 2 ,unsigned short,1H/bit,,
,,,Bytes,,,,
0853H,Time discharge start time2,R/W,Belegt 2 ,unsigned short,1H/bit,,
,,,Bytes,,,,
0854H,Time discharge stop time2,R/W,Belegt 2 ,unsigned short,1H/bit,,
,,,Bytes,,,,
0855H,Charge Cut Soc,R/W,Belegt 2 ,unsigned short,0.1/bit,,
,,,Bytes,,,,
0856H,Time charge start time1,R/W,Belegt 2 ,unsigned short,1H/bit,,
,,,Bytes,,,,
0857H,Time charge stop time1,R/W,Belegt 2 ,unsigned short,1H/bit,,
,,,Bytes,,,,
0858H,Time charge start time2,R/W,Belegt 2 ,unsigned short,1H/bit,,
,,,Bytes,,,,
0859H,Time charge stop time2,R/W,Belegt 2 ,unsigned short,1H/bit,,
,,,Bytes,,,,
Dispatch ,,,,,,,
0880H,Dispatch Start,R/W,Belegt 2 ,unsigned short,1:start; 0:stop,,
,,,Bytes,,,,
0881H,Dispatch Active power,R/W,Belegt ,Int,1W/bit Offset:32000 charge:<32000 discharge:>32000,,
0882H,,,4 Bytes,,,,
0883H,Dispatch Reactive power,R/W,Belegt ,Int,1Var/bit Offset:32000 charge:<32000 discharge:>32000,,
0884H,,,4 Bytes,,,,
0885H,Dispatch Mode,R/W,Belegt 2 ,unsigned short,Hinweis7,,
,,,Bytes,,,,
0886H,Dispatch SOC,R/W,Belegt ,unsigned short,"0.4%/bit example: Send SOC=95, correspon ding to the SOC of 38%.",,
,,,2 Bytes,,,,
0887H,Dispatch Time,R/W,Belegt 4 ,unsigned,1S/bit,,
0888H,,,Bytes,int,,,
 , , , , , ,,
,,,,,,,
AUX ,,,,,,,
08B0H,EMS DO0,W,Belegt 2 ,unsigned short,Bypass Control function,,
,,,Bytes,,,,
08B1H,EMS DO1,W,Belegt 2 ,unsigned short,System fault output.,,
,,,Bytes,,,,
08C0H,EMS DI0,R,Belegt 2 ,unsigned short,"EPO, Battery MOS cut off.",,
,,,Bytes,,,,
08C1H,EMS DI1,R,Belegt 2 ,unsigned short,Reserved,,
,,,Bytes,,,,
System - Betriebsdaten ,,,,,,,
08D0H,PV Inverter Energy,R,Belegt 4 ,unsigned,0.1KWH/bit,,
08D1H,,,Bytes,int,,,
08D2H,The system total PV energy,R,Belegt 4 ,unsigned,0.1KWH/bit,,
08D3H,,,Bytes,int,,,
08D4H,System fault,R,Belegt 4 ,unsigned,Hinweis6,,
08D5H,,,Bytes,int,,,
 , , , , , ,,
Safety TEST ,,,,,,,
1000H,Grid_Regulation,R/W,Belegt 2 ,unsigned short,Hinweis8,,
,,,Bytes,,,,
1001H,Safety Test Enable,R/W,Belegt ,unsigned short,Safety Test Enable,,
,,,2 Bytes,,0: Disable,,
,,,,,1: Enable,,
1002H,Safety Mode Enable,R/W,Belegt 4 ,unsigned,Hinweis9,,
1003H,,,Bytes,int,,,
1004H,Starting_slope,R/W,Belegt 2 ,unsigned short,0.01%Pn/min,,
,,,Bytes,,,,
1005H,Phase state,R/W,Belegt 2 ,unsigned short,0：advance 1：,,
,,,Bytes,,phase lag,,
1006H,PF Value,R/W,Belegt 2 ,short,0.01,,
,,,Bytes,,,,
1007H,Volt-WATT Starting,R/W,Belegt 2 ,unsigned short,0.1V,,
,,,Bytes,,,,
1008H,Volt-WATT Stop,R/W,Belegt 2 ,unsigned short,0.1V,,
,,,Bytes,,,,
1009H,Set Battery Power,R/W,Belegt ,short,1W/bit,,
,,,2 Bytes,,Charge mode or Dis charge mode Set Battery Power,,
,,,,,,,
100AH,Set PV Power,R/W,Belegt ,unsigned short,Set Photovoltaic (pv) power supply network,,
,,,2 Bytes,,,,
100BH,Ovp,R/W,Belegt 2 ,unsigned short,0.1V,,
,,,Bytes,,,,
100CH,OvpT,R/W,Belegt 2 ,unsigned short,1ms,,
,,,Bytes,,,,
100DH,Ovp10,R/W,Belegt 2 ,unsigned short,0.1V,,
,,,Bytes,,,,
100EH,Ovp10T,R/W,Belegt 2 ,unsigned short,1S,,
,,,Bytes,,,,
100FH,Uvp,R/W,Belegt 2 ,unsigned short,0.1V,,
,,,Bytes,,,,
1010H,UvpT,R/W,Belegt 2 ,unsigned short,1ms,,
,,,Bytes,,,,
1011H,Uvp2,R/W,Belegt 2 ,unsigned short,0.1V,,
,,,Bytes,,,,
1012H,Uvp2T,R/W,Belegt 2 ,unsigned short,1ms,,
,,,Bytes,,,,
1013H,Ofp,R/W,Belegt 2 ,unsigned short,0.01HZ,,
,,,Bytes,,,,
1014H,OfpT,R/W,Belegt 2 ,unsigned short,1ms,,
,,,Bytes,,,,
1015H,Ofp2,R/W,Belegt 2 ,unsigned short,0.01HZ,,
,,,Bytes,,,,
1016H,Ofp2T,R/W,Belegt 2 ,unsigned short,1ms,,
,,,Bytes,,,,
1017H,Ufp,R/W,Belegt 2 ,unsigned short,0.01HZ,,
,,,Bytes,,,,
1018H,UfpT,R/W,Belegt 2 ,unsigned short,1ms,,
,,,Bytes,,,,
1019H,Ufp2,R/W,Belegt 2 ,unsigned short,0.01HZ,,
,,,Bytes,,,,
101AH,Ufp2T,R/W,Belegt 2 ,unsigned short,1ms,,
,,,Bytes,,,,
101BH,Ufp2T,R/W,Belegt ,unsigned short, ,,
,,,2 Bytes,,1ms,,
ATE TEST ,,,,,,,
1100H,Reset Mode,W,Belegt ,unsigned short,0:None  ,,
,,,2 Bytes,,1:Energy Reset,,
,,,,,2:Meter Reset,,
,,,,,4:Factory Reset,,
,,,,,,,
1101H,EMS SN byte1-2,,R/W,Belegt 2 ,unsigned short,EMS SN :ASCII,
,,,,Bytes,,0x414C==’AL’,
1102H,EMS SN byte3-4,,R/W,Belegt 2 ,unsigned short,EMS SN :ASCII,
,,,,Bytes,,0x3132==’12’,
1103H,EMS SN byte5-6,,R/W,Belegt 2 ,unsigned short,EMS SN :ASCII,
,,,,Bytes,,0x3132==’12’,
1104H,EMS SN byte7-8,,R/W,Belegt 2 ,unsigned short,EMS SN :ASCII,
,,,,Bytes,,0x3132==’12’,
1105H,EMS SN byte9-10,,R/W,Belegt 2 ,unsigned short,EMS SN :ASCII,
,,,,Bytes,,0x3132==’12’,
1106H,EMS SN byte11-12,,R/W,Belegt 2 ,unsigned short,EMS SN :ASCII,
,,,,Bytes,,0x3132==’12’,
1107H,EMS SN byte13-14,,R/W,Belegt 2 ,unsigned short,EMS SN :ASCII,
,,,,Bytes,,0x3132==’12’,
1108H,EMS SN byte15-16,,R/W,Belegt 2 ,unsigned short,EMS SN :ASCII,
,,,,Bytes,,0x3132==’12’,
1109H,EMS MAC byte1-2,,R/W,Belegt 2 ,unsigned short,EMS MAC :HEX,
,,,,Bytes,,"0x70B3=0x70,0xB3",
110AH,EMS MAC byte3-4,,R/W,Belegt 2 ,unsigned short,EMS MAC : HEX,
,,,,Bytes,,"0xD57A=0xD5,0x7A",
110BH,EMS MAC byte5-6,,R/W,Belegt 2 ,unsigned short,EMS MAC : HEX,
,,,,Bytes,,"0x2C11=0x2C,0x11",
110CH,Pointing to the server,,R/W,Belegt ,unsigned short,0:Formal Server,
,,,,2 Bytes,,1:RD test,
,,,,,,2:Production test,
110DH,Network type,,R/W,Belegt 2 ,unsigned short, ,
,,,,Bytes,,,
110EH,System laguage,,R/W,Belegt 2 ,unsigned short,0:English 1: German,
,,,,Bytes,,,
110FH,Inverter model,,R/W,Belegt ,unsigned short,"0:INVERTER_NULL,",
,,,,2 Bytes,,"1:KELONG_S5,",
,,,,,,"2:KELONG_B5,",
,,,,,,"3:GINLONG_T10,",
,,CT-Kalibrierung,,,,,
11B9H,Grid voltage,,R,Belegt 2 ,unsigned short,0.1V/Bit,
,,,,Bytes,,,
11BAH,Grid CT Current,,R,Belegt 2 ,short,0.1A/Bit,
,,,,Bytes,,,
11BBH,PV CT Current,,R,Belegt 2 ,short,0.1A/Bit,
,,,,Bytes,,,
11BCH,Grid CT Power,,R,Belegt 2 ,short,1W/Bit,
,,,,Bytes,,,
,,,,,,,
11BDH,PV CT Power,R,Belegt 2 ,short,1W/Bit,,
,,,Bytes,,,,
11BEH,Volt calibration point1,R/W,Belegt 2 ,unsigned short,0.01V/Bit,,
,,,Bytes,,,,
11BFH,Volt calibration coef1,R/W,Belegt 2 ,short,0.0001/Bit,,
,,,Bytes,,,,
11C0H,Volt calibration offset1,R/W,Belegt 2 ,short,0.01V/Bit,,
,,,Bytes,,,,
11C1H,Volt calibration point2,R/W,Belegt 2 ,unsigned short,0.01V/Bit,,
,,,Bytes,,,,
11C2H,Volt calibration coef2,R/W,Belegt 2 ,short,0.0001/Bit,,
,,,Bytes,,,,
11C3H,Volt calibration offset2,R/W,Belegt 2 ,short,0.01V/Bit,,
,,,Bytes,,,,
11C4H,Grid current calibration point1,R/W,Belegt 2 ,unsigned short,0.1A/Bit,,
,,,Bytes,,,,
11C5H,Grid current calibration coef1,R/W,Belegt 2 ,short,0.0001/Bit,,
,,,Bytes,,,,
11C6H,Grid current calibration offset1,R/W,Belegt 2 ,short,0.1A/Bit,,
,,,Bytes,,,,
11C7H,Grid current calibration point2,R/W,Belegt 2 ,unsigned short,0.1A/Bit,,
,,,Bytes,,,,
11C8H,Grid current calibration coef2,R/W,Belegt 2 ,short,0.0001/Bit,,
,,,Bytes,,,,
11C9H,Grid current calibration offset2,R/W,Belegt 2 ,short,0.1A/Bit,,
,,,Bytes,,,,
11CAH,Grid current calibration point3,R/W,Belegt 2 ,unsigned short,0.1A/Bit,,
,,,Bytes,,,,
11CBH,Grid current calibration coef3,R/W,Belegt 2 ,short,0.0001/Bit,,
,,,Bytes,,,,
11CCH,Grid current calibration offset3,R/W,Belegt 2 ,short,0.1A/Bit,,
,,,Bytes,,,,
11CDH,Grid current calibration point4,R/W,Belegt 2 ,unsigned short,0.1A/Bit,,
,,,Bytes,,,,
11CEH,Grid current calibration coef4,R/W,Belegt 2 ,short,0.0001/Bit,,
,,,Bytes,,,,
11CFH,Grid current calibration offset4,R/W,Belegt 2 ,short,0.1A/Bit,,
,,,Bytes,,,,
11D0H,Grid current calibration point5,R/W,Belegt 2 ,unsigned short,0.1A/Bit,,
,,,Bytes,,,,
11D1H,Grid current calibration coef5,R/W,Belegt 2 ,short,0.0001/Bit,,
,,,Bytes,,,,
,,,,,,,
11D2H,Grid current calibration offset5,R/W,Belegt 2 ,short,0.1A/Bit,,
,,,Bytes,,,,
11D3H,Grid power calibration point1,R/W,Belegt 2 ,unsigned short,1W/Bit,,
,,,Bytes,,,,
11D4H,Grid power calibration coef1,R/W,Belegt 2 ,short,0.0001/Bit,,
,,,Bytes,,,,
11D5H,Grid power calibration offset1,R/W,Belegt 2 ,short,1W/Bit,,
,,,Bytes,,,,
11D6H,Grid power calibration point2,R/W,Belegt 2 ,unsigned short,1W/Bit,,
,,,Bytes,,,,
11D7H,Grid power calibration coef2,R/W,Belegt 2 ,short,0.0001/Bit,,
,,,Bytes,,,,
11D8H,Grid power calibration offset2,R/W,Belegt 2 ,short,1W/Bit,,
,,,Bytes,,,,
11D9H,Grid power calibration point3,R/W,Belegt ,unsigned short,1W/Bit,,
,,,2 Bytes,,,,
11DAH,Grid power calibration coef3,R/W,Belegt 2 ,short,0.0001/Bit,,
,,,Bytes,,,,
11DBH,Grid power calibration offset3,R/W,Belegt 2 ,short,1W/Bit,,
,,,Bytes,,,,
11DCH,Grid power calibration point4,R/W,Belegt 2 ,unsigned short,1W/Bit,,
,,,Bytes,,,,
11DDH,Grid power calibration coef4,R/W,Belegt 2 ,short,0.0001/Bit,,
,,,Bytes,,,,
11DEH,Grid power calibration offset4,R/W,Belegt 2 ,short,1W/Bit,,
,,,Bytes,,,,
11DFH,Grid power calibration point5,R/W,Belegt 2 ,unsigned short,1W/Bit,,
,,,Bytes,,,,
11E0H,Grid power calibration coef5,R/W,Belegt 2 ,short,0.0001/Bit,,
,,,Bytes,,,,
11E1H,Grid power calibration offset,R/W,Belegt 2 ,short,1W/Bit,,
,,,Bytes,,,,
11E2H,PV current calibration point1,R/W,Belegt 2 ,unsigned short,0.1A/Bit,,
,,,Bytes,,,,
11E3H,PV current calibration coef1,R/W,Belegt 2 ,short,0.0001/Bit,,
,,,Bytes,,,,
11E4H,PV current calibration offset1,R/W,Belegt 2 ,short,0.1A/Bit,,
,,,Bytes,,,,
11E5H,PV current calibration point2,R/W,Belegt 2 ,unsigned short,0.1A/Bit,,
,,,Bytes,,,,
11E6H,PV current calibration coef2,R/W,Belegt 2 ,short,0.0001/Bit,,
,,,Bytes,,,,
,,,,,,,
11E7H,PV current calibration offset2,R/W,Belegt 2 ,short,0.1A/Bit,,
,,,Bytes,,,,
11E8H,PV current calibration point3,R/W,Belegt 2 ,unsigned short,0.1A/Bit,,
,,,Bytes,,,,
11E9H,PV current calibration coef3,R/W,Belegt 2 ,short,0.0001/Bit,,
,,,Bytes,,,,
11EAH,PV current calibration offset3,R/W,Belegt 2 ,short,0.1A/Bit,,
,,,Bytes,,,,
11EBH,PV current calibration point4,R/W,Belegt 2 ,unsigned short,0.1A/Bit,,
,,,Bytes,,,,
11ECH,PV current calibration coef4,R/W,Belegt 2 ,short,0.0001/Bit,,
,,,Bytes,,,,
11EDH,PV current calibration offset4,R/W,Belegt 2 ,short,0.1A/Bit,,
,,,Bytes,,,,
11EEH,PV current calibration point5,R/W,Belegt 2 ,unsigned short,0.1A/Bit,,
,,,Bytes,,,,
11EFH,PV current calibration coef5,R/W,Belegt 2 ,short,0.0001/Bit,,
,,,Bytes,,,,
11F0H,PV current calibration offset5,R/W,Belegt 2 ,short,0.1A/Bit,,
,,,Bytes,,,,
11F1H,PV power calibration point1,R/W,Belegt 2 ,unsigned short,1W/Bit,,
,,,Bytes,,,,
11F2H,PV power calibration coef1,R/W,Belegt 2 ,short,0.0001/Bit,,
,,,Bytes,,,,
11F3H,PV power calibration offset1,R/W,Belegt 2 ,short,1W/Bit,,
,,,Bytes,,,,
11F4H,PV power calibration point2,R/W,Belegt 2 ,unsigned short,1W/Bit,,
,,,Bytes,,,,
11F5H,PV power calibration coef2,R/W,Belegt 2 ,short,0.0001/Bit,,
,,,Bytes,,,,
11F6H,PV power calibration offset2,R/W,Belegt 2 ,short,1W/Bit,,
,,,Bytes,,,,
11F7H,PV power calibration point3,R/W,Belegt 2 ,unsigned short,1W/Bit,,
,,,Bytes,,,,
11F8H,PV power calibration coef3,R/W,Belegt 2 ,short,0.0001/Bit,,
,,,Bytes,,,,
11F9H,PV power calibration offset3,R/W,Belegt 2 ,short,1W/Bit,,
,,,Bytes,,,,
11FAH,PV power calibration point4,R/W,Belegt 2 ,unsigned short,1W/Bit,,
,,,Bytes,,,,
11FBH,PV power calibration coef4,R/W,Belegt 2 ,short,0.0001/Bit,,
,,,Bytes,,,,
,,,,,,,
11FCH,PV power calibration offset4,R/W,Belegt 2 ,short,1W/Bit,,
,,,Bytes,,,,
11FDH,PV power calibration point5,R/W,Belegt 2 ,unsigned short,1W/Bit,,
,,,Bytes,,,,
11FEH,PV power calibration coef5,R/W,Belegt 2 ,short,0.0001/Bit,,
,,,Bytes,,,,
11FFH,PV power calibration offset5,R/W,Belegt 2 ,short,1W/Bit,,
,,,Bytes,,,,
Batterie – INDUSTRIE-Serie ,,,,,,,
A000H,Topbmu SN,R,Belegt 4 ,unsigned, ,,
A001H,,,Bytes,int,,,
A002H,Topbmu soft version,R,Belegt 2 ,unsigned short,0.01/bit,,
,,,Bytes,,,,
A003H,Topbmu protocol version,R,Belegt ,unsigned short, ,,
,,,2 Bytes,,,,
A004H,Topbmu hard version,R,Belegt 2 ,unsigned short,0.01/bit,,
,,,Bytes,,,,
A005H,Topbmu max charge current,R,Belegt 2 ,unsigned short,0.1A /bit,,
,,,Bytes,,,,
A006H,Topbmu max discharge current,R,Belegt 2 ,unsigned short,0.1A /bit,,
,,,Bytes,,,,
A007H,Topbmu status flag,R,Belegt 2 ,unsigned short,Hinweis10,,
,,,Bytes,,,,
A008H,Topbmu max pole temperature,R,Belegt 2 ,short,0.1℃/bit -40,,
,,,Bytes,,,,
A009H,Topbmu voltage,R,Belegt 2 ,unsigned short,0.1 V/bit,,
,,,Bytes,,,,
A00AH,Topbmu current,R,Belegt 2 ,short,0.1 A/bit,,
,,,Bytes,,,,
A00BH,Topbmu insulated resistance,R,Belegt 2 ,unsigned short,1 kΩ/bit,,
,,,Bytes,,,,
A00CH,Topbmu SOC,R,Belegt 2 ,unsigned short,0.4 %/bit,,
,,,Bytes,,,,
A00DH,Topbmu SOH,R,Belegt 2 ,unsigned short,0.4 %/bit,,
,,,Bytes,,,,
A00EH,Topbmu min cell voltage,R,Belegt 2 ,unsigned short,0.001v/bit,,
,,,Bytes,,,,
A00FH,Topbmu min cell voltage ID,R,Belegt 2 ,unsigned short, ,,
,,,Bytes,,,,
A010H,Topbmu max cell voltage,R,Belegt 2 ,unsigned short,0.001v/bit,,
,,,Bytes,,,,
A011H,Topbmu max cell voltage ID,R,Belegt 2 ,unsigned short, ,,
,,,Bytes,,,,
,,,,,,,
A012H,Topbmu min cell temperature,R,Belegt 2 ,short,0.1℃/bit -40,,
,,,Bytes,,,,
A013H,Topbmu min cell temperature ID,R,Belegt 2 ,unsigned short, ,,
,,,Bytes,,,,
A014H,Topbmu max cell temperature,R,Belegt 2 ,short,0.1℃/bit -40,,
,,,Bytes,,,,
A015H,Topbmu max cell temperature ID,R,Belegt 2 ,unsigned short, ,,
,,,Bytes,,,,
A016H,Topbmu max pole temperature ID,R,Belegt 2 ,unsigned short, ,,
,,,Bytes,,,,
A017H,Topbmu version,R,Belegt ,unsigned short,22:TOPBMU- M48112-S/0:,,
,,,2 Bytes,,TOPBMU,,
,,,,,42:TOPBMU-,,
,,,,,M38344-S/57:,,
,,,,,TOPBMU-M48240-S,,
A018H,Topbmu BMU version,R,Belegt ,unsigned short,15:BMU- HV900112/,,
,,,2 Bytes,,26:BMU- HV50056/,,
,,,,,38:BMU- HV900105/,,
,,,,,50:HV90 0120/,,
,,,,,41:BMU- HV90086/,,
,,,,,56:HV900120-HE,,
A019H,Topbmu ISO version,R,Belegt ,unsigned short,14:LMU-M48112- S/,,
,,,2 Bytes,,25:LMU-M4856- S/,,
,,,,,37:LMU-M38210- S/,,
,,,,,49:M19360- S/,,
,,,,,40:LMU- M38344-S/,,
,,,,,55:LMU-M48240-S,,
A01AH,Topbmu LMU version,R,Belegt ,unsigned short,14:LMU-M48112- S/,,
,,,2 Bytes,,25:LMU-M4856- S/,,
,,,,,37:LMU-M38210- S/,,
,,,,,49:M19360- S/,,
,,,,,40:LMU- M38344-S/,,
,,,,,55:LMU-M48240-S,,
A01BH,Topbmu reset log,R,Belegt 2 ,unsigned short,Hinweis11,,
,,,Bytes,,,,
,,,,,,,
A01CH,Topbmu restarts number,R,Belegt 2 ,unsigned short, ,,
,,,Bytes,,,,
A01DH,Topbmu clusters number,R,Belegt 2 ,unsigned short, ,,
,,,Bytes,,,,
A01EH~, , , , , ,,
A0FFH,,,,,Reserve,,
A100H,Toperror charge over current cluster high,R,Belegt 4 ,unsigned, ,,
A101H,,,Bytes,int,,,
A102H,Toperror charge over current cluster low,R,Belegt 4 ,unsigned, ,,
A103H,,,Bytes,int,,,
A104H,Toperror discharge   over   current cluster high,R,Belegt 4 ,unsigned, ,,
A105H,,,Bytes,int,,,
A106H,Toperror discharge   over   current cluster low,R,Belegt 4 ,unsigned, ,,
A107H,,,Bytes,int,,,
A108H,Toperror pole over current cluster high,R,Belegt 4 ,unsigned, ,,
A109H,,,Bytes,int,,,
A10AH,Toperror pole over current cluster low,R,Belegt 4 ,unsigned, ,,
A10BH,,,Bytes,int,,,
A10CH,Toperror cell   over   temperature cluster high,R,Belegt 4 ,unsigned, ,,
A10DH,,,Bytes,int,,,
A10EH,Toperror cell   over   temperature cluster low,R,Belegt 4 ,unsigned, ,,
A10FH,,,Bytes,int,,,
A110H,Toperror charge low temperature cluster high, R,Belegt 4 ,unsigned, ,,
A111H,,,Bytes,int,,,
A112H,Toperror charge low temperature cluster low, R,Belegt 4 ,unsigned, ,,
A113H,,,Bytes,int,,,
A114H,Toperror discharge low temperature cluster high,R,Belegt 4 ,unsigned, ,,
A115H,,,Bytes,int,,,
A116H,Toperror discharge low temperature cluster low,R,Belegt 4 ,unsigned, ,,
A117H,,,Bytes,int,,,
A118H,Toperror cell over voltage cluster high, R,Belegt 4 ,unsigned, ,,
A119H,,,Bytes,int,,,
A11AH,Toperror cell over voltage cluster low, R,Belegt 4 ,unsigned, ,,
A11BH,,,Bytes,int,,,
A11CH,Toperror cell under voltage cluster high,R,Belegt 4 ,unsigned, ,,
A11DH,,,Bytes,int,,,
A11EH,Toperror cell under voltage cluster low,R,Belegt 4 ,unsigned, ,,
A11FH,,,Bytes,int,,,
A120H,Toperror  cell  temperature,R,Belegt 4 ,unsigned, ,,
A121H,difference cluster high,,Bytes,int,,,
,,,,,,,
A122H,Toperror  cell  temperature,R,Belegt 4 ,unsigned, ,,
A123H,difference cluster low,,Bytes,int,,,
A124H,Toperror cell   voltage   difference cluster high,R,Belegt 4 ,unsigned, ,,
A125H,,,Bytes,int,,,
A126H,Toperror cell   voltage   difference cluster low,R,Belegt 4 ,unsigned, ,,
A127H,,,Bytes,int,,,
A128H,Toperror insulation cluster high,R,Belegt 4 ,unsigned, ,,
A129H,,,Bytes,int,,,
A12AH,Toperror insulation cluster low,R,Belegt 4 ,unsigned, ,,
A12BH,,,Bytes,int,,,
A12CH,Toperror  LMU  communication,R,Belegt 4 ,unsigned, ,,
A12DH,failure cluster high,,Bytes,int,,,
A12EH,Toperror  LMU  communication,R,Belegt 4 ,unsigned, ,,
A12FH,failure cluster low,,Bytes,int,,,
A130H,Toperror temperature sensor failure cluster high,R,Belegt 4 ,unsigned, ,,
A131H,,,Bytes,int,,,
A132H,Toperror temperature sensor failure cluster low,R,Belegt 4 ,unsigned, ,,
A133H,,,Bytes,int,,,
A134H,Toperror Wireharness failure cluster high,R,Belegt 4 ,unsigned, ,,
A135H,,,Bytes,int,,,
A136H,Toperror Wireharness failure cluster low,R,Belegt 4 ,unsigned, ,,
A137H,,,Bytes,int,,,
A138H,Toperror  high  voltage  box,R,Belegt 4 ,unsigned, ,,
A139H,communication failure cluster high,,Bytes,int,,,
A13AH,Toperror  high  voltage  box,R,Belegt 4 ,unsigned, ,,
A13BH,communication failure cluster low,,Bytes,int,,,
A13CH,Toperror total pressure detect cluster high,R,Belegt 4 ,unsigned, ,,
A13DH,,,Bytes,int,,,
A13EH,Toperror total pressure detect cluster low,R,Belegt 4 ,unsigned, ,,
A13FH,,,Bytes,int,,,
A140H,Toperror relay failure cluster high,R,Belegt 4 ,unsigned, ,,
A141H,,,Bytes,int,,,
A142H,Toperror relay failure cluster low,R,Belegt 4 ,unsigned, ,,
A143H,,,Bytes,int,,,
A144H,Toperror cluster   excision   cluster high,R,Belegt 4 ,unsigned, ,,
A145H,,,Bytes,int,,,
A146H,Toperror cluster excision cluster low,R,Belegt 4 ,unsigned, ,,
A147H,,,Bytes,int,,,
,,,,,,,
A148H,Toperror ISO communication failure cluster high,,,R,Belegt 4 ,unsigned, 
A149H,,,,,Bytes,int,
A14AH,Toperror ISO communication failure cluster low,,,R,Belegt 4 ,unsigned, 
A14BH,,,,,Bytes,int,
A14CH,Toperror LMU SN repeat cluster high,,,R,Belegt 4 ,unsigned, 
A14DH,,,,,Bytes,int,
A14EH,Toperror LMU SN repeat cluster low,,,R,Belegt 4 ,unsigned, 
A14FH,,,,,Bytes,int,
A150H,Toperror LMU ID repeat cluster high,,,R,Belegt 4 ,unsigned, 
A151H,,,,,Bytes,int,
A152H,Toperror LMU ID repeat cluster low,,,R,Belegt 4 ,unsigned, 
A153H,,,,,Bytes,int,
A154H,Toperror LMU,ID,discontinuity,R,Belegt 4 ,unsigned, 
A155H,cluster high,,,,Bytes,int,
A156H,Toperror LMU,ID,discontinuity,R,Belegt 4 ,unsigned, 
A157H,cluster low,,,,Bytes,int,
A158H,Toperror current   failure cluster high,,sensor   ,R,Belegt 4 ,unsigned, 
A159H,,,,,Bytes,int,
A15AH,Toperror current   failure cluster low,,sensor   ,R,Belegt 4 ,unsigned, 
A15BH,,,,,Bytes,int,
A15CH,Toperror no LMU failure cluster high,,,R,Belegt 4 ,unsigned, 
A15DH,,,,,Bytes,int,
A15EH,Toperror no LMU failure cluster low,,,R,Belegt 4 ,unsigned, 
A15FH,,,,,Bytes,int,
A160H,Toperror no bottom failure cluster high,,,R,Belegt 4 ,unsigned, 
A161H,,,,,Bytes,int,
A162H,Toperror no bottom failure cluster low,,,R,Belegt 4 ,unsigned, 
A163H,,,,,Bytes,int,
A164H,Toperror force close relay failure cluster high,,, R,Belegt 4 ,unsigned, 
A165H,,,,,Bytes,int,
A166H,Toperror force close relay failure cluster low,,, R,Belegt 4 ,unsigned, 
A167H,,,,,Bytes,int,
A168H,Toperror force close relay mode cluster high,,, R,Belegt 4 ,unsigned, 
A169H,,,,,Bytes,int,
A16AH,Toperror force close relay mode cluster low,,, R,Belegt 4 ,unsigned, 
A16BH,,,,,Bytes,int,
A16CH,Toperror factory test mode cluster high,,,R,Belegt 4 ,unsigned, 
A16DH,,,,,Bytes,int,
,,,,,,,
A16EH,Toperror factory test mode cluster low,R,Belegt 4 ,unsigned, ,,
A16FH,,,Bytes,int,,,
A170H,Toperror bmu   warn   and  ,R,Belegt 2 ,unsigned short,Hinweis12,,
A171H,state cluster,,Bytes,,,,
A172H~, , , , , ,,
A1FFH,,,,,Reserve,,
A200H,Bmu01 SN,R,Belegt 4 ,unsigned, ,,
A201H,,,Bytes,int,,,
A202H,Bmu01 soft version,R,Belegt 2 ,unsigned short,0.01/bit,,
,,,Bytes,,,,
A203H,Bmu01 hard version,R,Belegt 2 ,unsigned short,0.01/bit,,
,,,Bytes,,,,
A204H,Bmu01 state,R,Belegt 2 ,unsigned short,Hinweis13,,
,,,Bytes,,,,
A205H,Bmu01 cluster voltage,R,Belegt 2 ,unsigned short,0.1 V/bit,,
,,,Bytes,,,,
A206H,Bmu01 cluster current,R,Belegt 2 ,short,0.1 A/bit,,
,,,Bytes,,,,
A207H,Bmu01 insulated resistance,R,Belegt 2 ,unsigned short,1 kΩ/bit,,
,,,Bytes,,,,
A208H,Bmu01 SOC,R,Belegt 2 ,unsigned short,0.4 %/bit,,
,,,Bytes,,,,
A209H,Bmu01 SOH,R,Belegt 2 ,unsigned short,0.4 %/bit,,
,,,Bytes,,,,
A20AH,Bmu01 LMU communication,R,Belegt 4 ,unsigned, ,,
A20BH,failure,,Bytes,int,,,
A20CH,Bmu01 temperature sensor failure,R,Belegt 4 ,unsigned, ,,
A20DH,,,Bytes,int,,,
A20EH,Bmu01 wireharness failure,R,Belegt 4 ,unsigned, ,,
A20FH,,,Bytes,int,,,
A210H,Bmu01 equalization,R,Belegt 4 ,unsigned, ,,
A211H,,,Bytes,int,,,
A212H,Bmu01 equalization mos failure,R,Belegt 4 ,unsigned, ,,
A213H,,,Bytes,int,,,
A214H,Bmu01 ISO soft version,R,Belegt 2 ,unsigned short,0.01,,
,,,Bytes,,,,
A215H,Bmu01 ISO hard version,R,Belegt 2 ,unsigned short,0.01,,
,,,Bytes,,,,
A216H,Bmu01 Passive equalization,R,Belegt 4 ,unsigned, ,,
A217H,,,Bytes,int,,,
A218H,Bmu01 BOOST equalization,R,Belegt 4 ,unsigned, ,,
A219H,,,Bytes,int,,,
,,,,,,,
A21AH,Bmu01 BUCK equalization,R,Belegt 4 ,unsigned, ,,
A21BH,,,Bytes,int,,,
A21CH,Bmu01 LMU number,R,Belegt 2 ,unsigned short, ,,
,,,Bytes,,,,
A21DH,Bmu01 single cut fault code,R,Belegt 2 ,unsigned short,Hinweis14,,
,,,Bytes,,,,
A21EH,Bmu01 reset log,R,Belegt 2 ,unsigned short,Hinweis15,,
,,,Bytes,,,,
A21FH,Bmu01 restarts number,R,Belegt 2 ,unsigned short, ,,
,,,Bytes,,,,
A220H,Bmu01 version,R,Belegt ,unsigned short,15:BMU-HV900112/,,
,,,2 Bytes,,26:BMU- HV50056/,,
,,,,,38:BMU- HV900105/,,
,,,,,50:HV90 0120/,,
,,,,,41:BMU-HV90086,,
A221H,Bmu01 min cell voltage,R,Belegt 2 ,unsigned short,0.001V,,
,,,Bytes,,,,
A222H,Bmu01 min cell voltage ID,R,Belegt 2 ,unsigned short, ,,
,,,Bytes,,,,
A223H,Bmu01 max cell voltage,R,Belegt 2 ,unsigned short,0.001V,,
,,,Bytes,,,,
A224H,Bmu01 max cell voltage ID,R,Belegt 2 ,unsigned short, ,,
,,,Bytes,,,,
A225H,Bmu01 min cell temperature,R,Belegt 2 ,short, ,,
,,,Bytes,,,,
A226H,Bmu01 min cell temperature ID,R,Belegt 2 ,unsigned short,0.1℃/bit -40,,
,,,Bytes,,,,
A227H,Bmu01 max cell temperature,R,Belegt 2 ,short, ,,
,,,Bytes,,,,
A228H,Bmu01 max cell temperature ID,R,Belegt 2 ,unsigned short,0.1℃/bit -40,,
,,,Bytes,,,,
A229H~, , , , , ,,
A2FFH,,,,,Reserve,,
A300H,Bmu02 SN,R,Belegt 4 ,unsigned, ,,
A301H,,,Bytes,int,,,
A302H,Bmu02 soft version,R,Belegt 2 ,unsigned short,0.01/bit,,
,,,Bytes,,,,
A303H,Bmu02 hard version,R,Belegt 2 ,unsigned short,0.01/bit,,
,,,Bytes,,,,
A304H,Bmu02 state,R,Belegt 2 ,unsigned short,Hinweis13,,
,,,Bytes,,,,
A305H,Bmu02 cluster voltage,R,Belegt 2 ,unsigned short,0.1 V/bit,,
,,,Bytes,,,,
,,,,,,,
A306H,Bmu02 cluster current,R,Belegt 2 ,short,0.1 A/bit,,
,,,Bytes,,,,
A307H,Bmu02 insulated resistance,R,Belegt 2 ,unsigned short,1 kΩ/bit,,
,,,Bytes,,,,
A308H,Bmu02 SOC,R,Belegt 2 ,unsigned short,0.4 %/bit,,
,,,Bytes,,,,
A309H,Bmu02 SOH,R,Belegt 2 ,unsigned short,0.4 %/bit,,
,,,Bytes,,,,
A30AH,Bmu02 LMU communication,R,Belegt 4 ,unsigned, ,,
A30BH,failure,,Bytes,int,,,
A30CH,Bmu02 temperature sensor failure,R,Belegt 4 ,unsigned, ,,
A30DH,,,Bytes,int,,,
A30EH,Bmu02 wireharness failure,R,Belegt 4 ,unsigned, ,,
A30FH,,,Bytes,int,,,
A310H,Bmu02 equalization,R,Belegt 4 ,unsigned, ,,
A311H,,,Bytes,int,,,
A312H,Bmu02 equalization mos failure,R,Belegt 4 ,unsigned, ,,
A313H,,,Bytes,int,,,
A314H,Bmu02 ISO soft version,R,Belegt 2 ,unsigned short,0.01,,
,,,Bytes,,,,
A315H,Bmu02 ISO hard version,R,Belegt 2 ,unsigned short,0.01,,
,,,Bytes,,,,
A316H,Bmu02 Passive equalization,R,Belegt 4 ,unsigned, ,,
A317H,,,Bytes,int,,,
A318H,Bmu02 BOOST equalization,R,Belegt 4 ,unsigned, ,,
A319H,,,Bytes,int,,,
A31AH,Bmu02 BUCK equalization,R,Belegt 4 ,unsigned, ,,
A31BH,,,Bytes,int,,,
A31CH,Bmu02 LMU number,R,Belegt 2 ,unsigned short, ,,
,,,Bytes,,,,
A31DH,Bmu02 single cut fault code,R,Belegt 2 ,unsigned short,Hinweis14,,
,,,Bytes,,,,
A31EH,Bmu02 reset log,R,Belegt 2 ,unsigned short,Hinweis15,,
,,,Bytes,,,,
A31FH,Bmu02 restarts number,R,Belegt 2 ,unsigned short, ,,
,,,Bytes,,,,
A320H,Bmu02 version,R,Belegt ,unsigned short,15:BMU- HV900112/,,
,,,2 Bytes,,26:BMU- HV50056/,,
,,,,,38:BMU- HV900105/,,
,,,,,50:HV90 0120/,,
,,,,,41:BMU-HV90086,,
A321H,Bmu02 min cell voltage,R,Belegt 2 ,unsigned short,0.001V,,
,,,Bytes,,,,
,,,,,,,
A322H,Bmu02 min cell voltage ID,R,Belegt 2 ,unsigned short, ,,
,,,Bytes,,,,
A323H,Bmu02 max cell voltage,R,Belegt 2 ,unsigned short,0.001V,,
,,,Bytes,,,,
A324H,Bmu02 max cell voltage ID,R,Belegt 2 ,unsigned short, ,,
,,,Bytes,,,,
A325H,Bmu02 min cell temperature,R,Belegt 2 ,short, ,,
,,,Bytes,,,,
A326H,Bmu02 min cell temperature ID,R,Belegt 2 ,unsigned short,0.1℃/bit -40,,
,,,Bytes,,,,
A327H,Bmu02 max cell temperature,R,Belegt 2 ,short, ,,
,,,Bytes,,,,
A328H,Bmu02 max cell temperature ID,R,Belegt 2 ,unsigned short,0.1℃/bit -40,,
,,,Bytes,,,,
A329H~, , , , , ,,
A3FFH,,,,,Reserve,,
A400H,Bmu03 SN,R,Belegt 4 ,unsigned, ,,
A401H,,,Bytes,int,,,
A402H,Bmu03 soft version,R,Belegt 2 ,unsigned short,0.01/bit,,
,,,Bytes,,,,
A403H,Bmu03 hard version,R,Belegt 2 ,unsigned short,0.01/bit,,
,,,Bytes,,,,
A404H,Bmu03 state,R,Belegt 2 ,unsigned short,Hinweis13,,
,,,Bytes,,,,
A405H,Bmu03 cluster voltage,R,Belegt 2 ,unsigned short,0.1 V/bit,,
,,,Bytes,,,,
A406H,Bmu03 cluster current,R,Belegt 2 ,short,0.1 A/bit,,
,,,Bytes,,,,
A407H,Bmu03 insulated resistance,R,Belegt 2 ,unsigned short,1 kΩ/bit,,
,,,Bytes,,,,
A408H,Bmu03 SOC,R,Belegt 2 ,unsigned short,0.4 %/bit,,
,,,Bytes,,,,
A409H,Bmu03 SOH,R,Belegt 2 ,unsigned short,0.4 %/bit,,
,,,Bytes,,,,
A40AH,Bmu03 LMU communication,R,Belegt 4 ,unsigned, ,,
A40BH,failure,,Bytes,int,,,
A40CH,Bmu03 temperature sensor failure,R,Belegt 4 ,unsigned, ,,
A40DH,,,Bytes,int,,,
A40EH,Bmu03 wireharness failure,R,Belegt 4 ,unsigned, ,,
A40FH,,,Bytes,int,,,
A410H,Bmu03 equalization,R,Belegt 4 ,unsigned, ,,
A411H,,,Bytes,int,,,
,,,,,,,
A412H,Bmu03 equalization mos failure,R,Belegt 4 ,unsigned, ,,
A413H,,,Bytes,int,,,
A414H,Bmu03 ISO soft version,R,Belegt 2 ,unsigned short,0.01,,
,,,Bytes,,,,
A415H,Bmu03 ISO hard version,R,Belegt 2 ,unsigned short,0.01,,
,,,Bytes,,,,
A416H,Bmu03 Passive equalization,R,Belegt 4 ,unsigned, ,,
A417H,,,Bytes,int,,,
A418H,Bmu03 BOOST equalization,R,Belegt 4 ,unsigned, ,,
A419H,,,Bytes,int,,,
A41AH,Bmu03 BUCK equalization,R,Belegt 4 ,unsigned, ,,
A41BH,,,Bytes,int,,,
A41CH,Bmu03 LMU number,R,Belegt 2 ,unsigned short, ,,
,,,Bytes,,,,
A41DH,Bmu03 single cut fault code,R,Belegt 2 ,unsigned short,Hinweis14,,
,,,Bytes,,,,
A41EH,Bmu03 reset log,R,Belegt 2 ,unsigned short,Hinweis15,,
,,,Bytes,,,,
A41FH,Bmu03 restarts number,R,Belegt 2 ,unsigned short, ,,
,,,Bytes,,,,
A420H,Bmu03 version,R,Belegt ,unsigned short,15:BMU- HV900112/,,
,,,2 Bytes,,26:BMU- HV50056/,,
,,,,,38:BMU- HV900105/,,
,,,,,50:HV90 0120/,,
,,,,,41:BMU-HV90086,,
A421H,Bmu03 min cell voltage,R,Belegt 2 ,unsigned short,0.001V,,
,,,Bytes,,,,
A422H,Bmu03 min cell voltage ID,R,Belegt 2 ,unsigned short, ,,
,,,Bytes,,,,
A423H,Bmu03 max cell voltage,R,Belegt 2 ,unsigned short,0.001V,,
,,,Bytes,,,,
A424H,Bmu03 max cell voltage ID,R,Belegt 2 ,unsigned short, ,,
,,,Bytes,,,,
A425H,Bmu03 min cell temperature,R,Belegt 2 ,short, ,,
,,,Bytes,,,,
A426H,Bmu03 min cell temperature ID,R,Belegt 2 ,unsigned short,0.1℃/bit -40,,
,,,Bytes,,,,
A427H,Bmu03 max cell temperature,R,Belegt 2 ,short, ,,
,,,Bytes,,,,
A428H,Bmu03 max cell temperature ID,R,Belegt 2 ,unsigned short,0.1℃/bit -40,,
,,,Bytes,,,,
A429H~, , , , , ,,
A4FFH,,,,,Reserve,,
,,,,,,,
A500H,Bmu04 SN,R,Belegt 4 ,Unsigned, ,,
A501H,,,Bytes,int,,,
A502H,Bmu04 soft version,R,Belegt 2 ,unsigned short,0.01/bit,,
,,,Bytes,,,,
A503H,Bmu04 hard version,R,Belegt 2 ,unsigned short,0.01/bit,,
,,,Bytes,,,,
A504H,Bmu04 state,R,Belegt 2 ,unsigned short,Hinweis13,,
,,,Bytes,,,,
A505H,Bmu04 cluster voltage,R,Belegt 2 ,unsigned short,0.1 V/bit,,
,,,Bytes,,,,
A506H,Bmu04 cluster current,R,Belegt 2 ,short,0.1 A/bit,,
,,,Bytes,,,,
A507H,Bmu04 insulated resistance,R,Belegt 2 ,unsigned short,1 kΩ/bit,,
,,,Bytes,,,,
A508H,Bmu04 SOC,R,Belegt 2 ,unsigned short,0.4 %/bit,,
,,,Bytes,,,,
A509H,Bmu04 SOH,R,Belegt 2 ,unsigned short,0.4 %/bit,,
,,,Bytes,,,,
A50AH,Bmu04 LMU communication,R,Belegt 4 ,unsigned, ,,
A50BH,failure,,Bytes,int,,,
A50CH,Bmu04 temperature sensor failure,R,Belegt 4 ,unsigned, ,,
A50DH,,,Bytes,int,,,
A50EH,Bmu04 wireharness failure,R,Belegt 4 ,unsigned, ,,
A50FH,,,Bytes,int,,,
A510H,Bmu04 equalization,R,Belegt 4 ,unsigned, ,,
A511H,,,Bytes,int,,,
A512H,Bmu04 equalization mos failure,R,Belegt 4 ,unsigned, ,,
A513H,,,Bytes,int,,,
A514H,Bmu04 ISO soft version,R,Belegt 2 ,unsigned short,0.01,,
,,,Bytes,,,,
A515H,Bmu04 ISO hard version,R,Belegt 2 ,unsigned short,0.01,,
,,,Bytes,,,,
A516H,Bmu04 Passive equalization,R,Belegt 4 ,unsigned, ,,
A517H,,,Bytes,int,,,
A518H,Bmu04 BOOST equalization,R,Belegt 4 ,unsigned, ,,
A519H,,,Bytes,int,,,
A51AH,Bmu04 BUCK equalization,R,Belegt 4 ,unsigned, ,,
A51BH,,,Bytes,int,,,
A51CH,Bmu04 LMU number,R,Belegt 2 ,unsigned short, ,,
,,,Bytes,,,,
A51DH,Bmu04 single cut fault code,R,Belegt 2 ,unsigned short,Hinweis14,,
,,,Bytes,,,,
,,,,,,,
A51EH,Bmu04 reset log,R,Belegt 2 ,unsigned short,Hinweis15,,
,,,Bytes,,,,
A51FH,Bmu04 restarts number,R,Belegt 2 ,unsigned short, ,,
,,,Bytes,,,,
A520H,Bmu04 version,R,Belegt ,unsigned short,15:BMU- HV900112/,,
,,,2 Bytes,,26:BMU- HV50056/,,
,,,,,38:BMU- HV900105/,,
,,,,,50:HV90 0120/,,
,,,,,41:BMU-HV90086,,
A521H,Bmu04 min cell voltage,R,Belegt 2 ,unsigned short,0.001V,,
,,,Bytes,,,,
A522H,Bmu04 min cell voltage ID,R,Belegt 2 ,unsigned short, ,,
,,,Bytes,,,,
A523H,Bmu04 max cell voltage,R,Belegt 2 ,unsigned short,0.001V,,
,,,Bytes,,,,
A524H,Bmu04 max cell voltage ID,R,Belegt 2 ,unsigned short, ,,
,,,Bytes,,,,
A525H,Bmu04 min cell temperature,R,Belegt 2 ,short, ,,
,,,Bytes,,,,
A526H,Bmu04 min cell temperature ID,R,Belegt 2 ,unsigned short,0.1℃/bit -40,,
,,,Bytes,,,,
A527H,Bmu04 max cell temperature,R,Belegt 2 ,short, ,,
,,,Bytes,,,,
A528H,Bmu04 max cell temperature ID,R,Belegt 2 ,unsigned short,0.1℃/bit -40,,
,,,Bytes,,,,
A529H~, , , , , ,,
A5FFH,,,,,Reserve,,
A600H,Bmu05 SN,R,Belegt 4 ,unsigned, ,,
A601H,,,Bytes,int,,,
A602H,Bmu05 soft version,R,Belegt 2 ,unsigned short,0.01/bit,,
,,,Bytes,,,,
A603H,Bmu05 hard version,R,Belegt 2 ,unsigned short,0.01/bit,,
,,,Bytes,,,,
A604H,Bmu05 state,R,Belegt 2 ,unsigned short,Hinweis13,,
,,,Bytes,,,,
A605H,Bmu05 cluster voltage,R,Belegt 2 ,unsigned short,0.1 V/bit,,
,,,Bytes,,,,
A606H,Bmu05 cluster current,R,Belegt 2 ,short,0.1 A/bit,,
,,,Bytes,,,,
A607H,Bmu05 insulated resistance,R,Belegt 2 ,unsigned short,1 kΩ/bit,,
,,,Bytes,,,,
A608H,Bmu05 SOC,R,Belegt 2 ,unsigned short,0.4 %/bit,,
,,,Bytes,,,,
,,,,,,,
A609H,Bmu05 SOH,R,Belegt 2 ,unsigned short,0.4 %/bit,,
,,,Bytes,,,,
A60AH,Bmu05 LMU communication,R,Belegt 4 ,unsigned, ,,
A60BH,failure,,Bytes,int,,,
A60CH,Bmu05 temperature sensor failure,R,Belegt 4 ,unsigned, ,,
A60DH,,,Bytes,int,,,
A60EH,Bmu05 wireharness failure,R,Belegt 4 ,unsigned, ,,
A60FH,,,Bytes,int,,,
A610H,Bmu05 equalization,R,Belegt 4 ,unsigned, ,,
A611H,,,Bytes,int,,,
A612H,Bmu05 equalization mos failure,R,Belegt 4 ,unsigned, ,,
A613H,,,Bytes,int,,,
A614H,Bmu05 ISO soft version,R,Belegt 2 ,unsigned short,0.01,,
,,,Bytes,,,,
A615H,Bmu05 ISO hard version,R,Belegt 2 ,unsigned short,0.01,,
,,,Bytes,,,,
A616H,Bmu05 Passive equalization,R,Belegt 4 ,unsigned, ,,
A617H,,,Bytes,int,,,
A618H,Bmu05 BOOST equalization,R,Belegt 4 ,unsigned, ,,
A619H,,,Bytes,int,,,
A61AH,Bmu05 BUCK equalization,R,Belegt 4 ,unsigned, ,,
A61BH,,,Bytes,int,,,
A61CH,Bmu05 LMU number,R,Belegt 2 ,unsigned short, ,,
,,,Bytes,,,,
A61DH,Bmu05 single cut fault code,R,Belegt 2 ,unsigned short,Hinweis14,,
,,,Bytes,,,,
A61EH,Bmu05 reset log,R,Belegt 2 ,unsigned short,Hinweis15,,
,,,Bytes,,,,
A61FH,Bmu05 restarts number,R,Belegt 2 ,unsigned short, ,,
,,,Bytes,,,,
A620H,Bmu05 version,R,Belegt ,unsigned short,15:BMU- HV900112/,,
,,,2 Bytes,,26: BMU- HV50056/,,
,,,,,38:BMU- HV900105/,,
,,,,,50:HV90 0120/,,
,,,,,41:BMU-HV90086,,
A621H,Bmu05 min cell voltage,R,Belegt 2 ,unsigned short,0.001V,,
,,,Bytes,,,,
A622H,Bmu05 min cell voltage ID,R,Belegt 2 ,unsigned short, ,,
,,,Bytes,,,,
A623H,Bmu05 max cell voltage,R,Belegt 2 ,unsigned short,0.001V,,
,,,Bytes,,,,
A624H,Bmu05 max cell voltage ID,R,Belegt 2 ,unsigned short, ,,
,,,Bytes,,,,
,,,,,,,
A625H,Bmu05 min cell temperature,R,Belegt 2 ,short, ,,
,,,Bytes,,,,
A626H,Bmu05 min cell temperature ID,R,Belegt 2 ,unsigned short,0.1℃/bit -40,,
,,,Bytes,,,,
A627H,Bmu05 max cell temperature,R,Belegt 2 ,short, ,,
,,,Bytes,,,,
A628H,Bmu05 max cell temperature ID,R,Belegt 2 ,unsigned short,0.1℃/bit -40,,
,,,Bytes,,,,
A629H~, , , , , ,,
A6FFH,,,,,Reserve,,
A700H,Bmu06 SN,R,Belegt 4 ,unsigned, ,,
A701H,,,Bytes,int,,,
A702H,Bmu06 soft version,R,Belegt 2 ,unsigned short,0.01/bit,,
,,,Bytes,,,,
A703H,Bmu06 hard version,R,Belegt 2 ,unsigned short,0.01/bit,,
,,,Bytes,,,,
A704H,Bmu06 state,R,Belegt 2 ,unsigned short,Hinweis13,,
,,,Bytes,,,,
A705H,Bmu06 cluster voltage,R,Belegt 2 ,unsigned short,0.1 V/bit,,
,,,Bytes,,,,
A706H,Bmu06 cluster current,R,Belegt 2 ,short,0.1 A/bit,,
,,,Bytes,,,,
A707H,Bmu06 insulated resistance,R,Belegt 2 ,unsigned short,1 kΩ/bit,,
,,,Bytes,,,,
A708H,Bmu06 SOC,R,Belegt 2 ,unsigned short,0.4 %/bit,,
,,,Bytes,,,,
A709H,Bmu06 SOH,R,Belegt 2 ,unsigned short,0.4 %/bit,,
,,,Bytes,,,,
A70AH,Bmu06 LMU communication,R,Belegt 4 ,unsigned, ,,
A70BH,failure,,Bytes,int,,,
A70CH,Bmu06 temperature sensor failure,R,Belegt 4 ,unsigned, ,,
A70DH,,,Bytes,int,,,
A70EH,Bmu06 wireharness failure,R,Belegt 4 ,unsigned, ,,
A70FH,,,Bytes,int,,,
A710H,Bmu06 equalization,R,Belegt 4 ,unsigned, ,,
A711H,,,Bytes,int,,,
A712H,Bmu06 equalization mos failure,R,Belegt 4 ,unsigned, ,,
A713H,,,Bytes,int,,,
A714H,Bmu06 ISO soft version,R,Belegt 2 ,unsigned short,0.01,,
,,,Bytes,,,,
A715H,Bmu06 ISO hard version,R,Belegt 2 ,unsigned short,0.01,,
,,,Bytes,,,,
,,,,,,,
A716H,Bmu06 Passive equalization,R,Belegt 4 ,unsigned, ,,
A717H,,,Bytes,int,,,
A718H,Bmu06 BOOST equalization,R,Belegt 4 ,unsigned, ,,
A719H,,,Bytes,int,,,
A71AH,Bmu06 BUCK equalization,R,Belegt 4 ,unsigned, ,,
A71BH,,,Bytes,int,,,
A71CH,Bmu06 LMU number,R,Belegt 2 ,unsigned short, ,,
,,,Bytes,,,,
A71DH,Bmu06 single cut fault code,R,Belegt 2 ,unsigned short,Hinweis14,,
,,,Bytes,,,,
A71EH,Bmu06 reset log,R,Belegt 2 ,unsigned short,Hinweis15,,
,,,Bytes,,,,
A71FH,Bmu06 restarts number,R,Belegt 2 ,unsigned short, ,,
,,,Bytes,,,,
A720H,Bmu06 version,R,Belegt ,unsigned short,15:BMU- HV900112/,,
,,,2 Bytes,,26:BMU- HV50056/,,
,,,,,38:BMU- HV900105/,,
,,,,,50:HV90 0120/,,
,,,,,41:BMU-HV90086,,
A721H,Bmu06 min cell voltage,R,Belegt 2 ,unsigned short,0.001V,,
,,,Bytes,,,,
A722H,Bmu06 min cell voltage ID,R,Belegt 2 ,unsigned short, ,,
,,,Bytes,,,,
A723H,Bmu06 max cell voltage,R,Belegt 2 ,unsigned short,0.001V,,
,,,Bytes,,,,
A724H,Bmu06 max cell voltage ID,R,Belegt 2 ,unsigned short, ,,
,,,Bytes,,,,
A725H,Bmu06 min cell temperature,R,Belegt 2 ,short, ,,
,,,Bytes,,,,
A726H,Bmu06 min cell temperature ID,R,Belegt 2 ,unsigned short,0.1℃/bit -40,,
,,,Bytes,,,,
A727H,Bmu06 max cell temperature,R,Belegt 2 ,short, ,,
,,,Bytes,,,,
A728H,Bmu06 max cell temperature ID,R,Belegt 2 ,unsigned short,0.1℃/bit -40,,
,,,Bytes,,,,
A729H, , , , , ,,
A7FFH,,,,,Reserve,,
A800H,Bmu07 SN,R,Belegt 4 ,unsigned, ,,
A801H,,,Bytes,int,,,
A802H,Bmu07 soft version,R,Belegt 2 ,unsigned short,0.01/bit,,
,,,Bytes,,,,
A803H,Bmu07 hard version,R,Belegt 2 ,unsigned short,0.01/bit,,
,,,Bytes,,,,
,,,,,,,
A804H,Bmu07 state,R,Belegt 2 ,unsigned short,Hinweis13,,
,,,Bytes,,,,
A805H,Bmu07 cluster voltage,R,Belegt 2 ,unsigned short,0.1 V/bit,,
,,,Bytes,,,,
A806H,Bmu07 cluster current,R,Belegt 2 ,short,0.1 A/bit,,
,,,Bytes,,,,
A807H,Bmu07 insulated resistance,R,Belegt 2 ,unsigned short,1 kΩ/bit,,
,,,Bytes,,,,
A808H,Bmu07 SOC,R,Belegt 2 ,unsigned short,0.4 %/bit,,
,,,Bytes,,,,
A809H,Bmu07 SOH,R,Belegt 2 ,unsigned short,0.4 %/bit,,
,,,Bytes,,,,
A80AH,Bmu07 LMU communication,R,Belegt 4 ,unsigned, ,,
A80BH,failure,,Bytes,int,,,
A80CH,Bmu07 temperature sensor failure,R,Belegt 4 ,unsigned, ,,
A80DH,,,Bytes,int,,,
A80EH,Bmu07 wireharness failure,R,Belegt 4 ,unsigned, ,,
A80FH,,,Bytes,int,,,
A810H,Bmu07 equalization,R,Belegt 4 ,unsigned, ,,
A811H,,,Bytes,int,,,
A812H,Bmu07 equalization mos failure,R,Belegt 4 ,unsigned, ,,
A813H,,,Bytes,int,,,
A814H,Bmu07 ISO soft version,R,Belegt 2 ,unsigned short,0.01,,
,,,Bytes,,,,
A815H,Bmu07 ISO hard version,R,Belegt 2 ,unsigned short,0.01,,
,,,Bytes,,,,
A816H,Bmu07 Passive equalization,R,Belegt 4 ,unsigned, ,,
A817H,,,Bytes,int,,,
A818H,Bmu07 BOOST equalization,R,Belegt 4 ,unsigned, ,,
A819H,,,Bytes,int,,,
A81AH,Bmu07 BUCK equalization,R,Belegt 4 ,unsigned, ,,
A81BH,,,Bytes,int,,,
A81CH,Bmu07 LMU number,R,Belegt 2 ,unsigned short, ,,
,,,Bytes,,,,
A81DH,Bmu07 single cut fault code,R,Belegt 2 ,unsigned short,Hinweis14,,
,,,Bytes,,,,
A81EH,Bmu07 reset log,R,Belegt 2 ,unsigned short,Hinweis15,,
,,,Bytes,,,,
A81FH,Bmu07 restarts number,R,Belegt 2 ,unsigned short, ,,
,,,Bytes,,,,
,,,,,,,
A820H,Bmu07 version,R,Belegt ,unsigned short,15:BMU-HV900112/,,
,,,2 Bytes,,26:BMU- HV50056/,,
,,,,,38:BMU-HV900105/,,
,,,,,50:HV900120/,,
,,,,,41:BMU- HV90086,,
A821H,Bmu07 min cell voltage,R,Belegt 2 ,unsigned short,0.001V,,
,,,Bytes,,,,
A822H,Bmu07 min cell voltage ID,R,Belegt 2 ,unsigned short, ,,
,,,Bytes,,,,
A823H,Bmu07 max cell voltage,R,Belegt 2 ,unsigned short,0.001V,,
,,,Bytes,,,,
A824H,Bmu07 max cell voltage ID,R,Belegt 2 ,unsigned short, ,,
,,,Bytes,,,,
A825H,Bmu07 min cell temperature,R,Belegt 2 ,short, ,,
,,,Bytes,,,,
A826H,Bmu07 min cell temperature ID,R,Belegt 2 ,unsigned short,0.1℃/bit -40,,
,,,Bytes,,,,
A827H,Bmu07 max cell temperature,R,Belegt 2 ,short, ,,
,,,Bytes,,,,
A828H,Bmu07 max cell temperature ID,R,Belegt 2 ,unsigned short,0.1℃/bit -40,,
,,,Bytes,,,,
A829H~, , , , , ,,
A8FFH,,,,,Reserve,,
A900H,Bmu08 SN,R,Belegt 4 ,unsigned, ,,
A901H,,,Bytes,int,,,
A902H,Bmu08 soft version,R,Belegt 2 ,unsigned short,0.01/bit,,
,,,Bytes,,,,
A903H,Bmu08 hard version,R,Belegt 2 ,unsigned short,0.01/bit,,
,,,Bytes,,,,
A904H,Bmu08 state,R,Belegt 2 ,unsigned short,Hinweis13,,
,,,Bytes,,,,
A905H,Bmu08 cluster voltage,R,Belegt 2 ,unsigned short,0.1 V/bit,,
,,,Bytes,,,,
A906H,Bmu08 cluster current,R,Belegt 2 ,short,0.1 A/bit,,
,,,Bytes,,,,
A907H,Bmu08 insulated resistance,R,Belegt 2 ,unsigned short,1 kΩ/bit,,
,,,Bytes,,,,
A908H,Bmu08 SOC,R,Belegt 2 ,unsigned short,0.4 %/bit,,
,,,Bytes,,,,
A909H,Bmu08 SOH,R,Belegt 2 ,unsigned short,0.4 %/bit,,
,,,Bytes,,,,
A90AH,Bmu08 LMU communication,R,Belegt 4 ,unsigned, ,,
A90BH,failure,,Bytes,int,,,
,,,,,,,
A90CH,Bmu08 temperature sensor failure,R,Belegt 4 ,unsigned, ,,
A90DH,,,Bytes,int,,,
A90EH,Bmu08 wireharness failure,R,Belegt 4 ,unsigned, ,,
A90FH,,,Bytes,int,,,
A910H,Bmu08 equalization,R,Belegt 4 ,unsigned, ,,
A911H,,,Bytes,int,,,
A912H,Bmu08 equalization mos failure,R,Belegt 4 ,unsigned, ,,
A913H,,,Bytes,int,,,
A914H,Bmu08 ISO soft version,R,Belegt 2 ,unsigned short,0.01,,
,,,Bytes,,,,
A915H,Bmu08 ISO hard version,R,Belegt 2 ,unsigned short,0.01,,
,,,Bytes,,,,
A916H,Bmu08 Passive equalization,R,Belegt 4 ,unsigned, ,,
A917H,,,Bytes,int,,,
A918H,Bmu08 BOOST equalization,R,Belegt 4 ,unsigned, ,,
A919H,,,Bytes,int,,,
A91AH,Bmu08 BUCK equalization,R,Belegt 4 ,unsigned, ,,
A91BH,,,Bytes,int,,,
A91CH,Bmu08 LMU number,R,Belegt 2 ,unsigned short, ,,
,,,Bytes,,,,
A91DH,Bmu08 single cut fault code,R,Belegt 2 ,unsigned short,Hinweis14,,
,,,Bytes,,,,
A91EH,Bmu08 reset log,R,Belegt 2 ,unsigned short,Hinweis15,,
,,,Bytes,,,,
A91FH,Bmu08 restarts number,R,Belegt 2 ,unsigned short, ,,
,,,Bytes,,,,
A920H,Bmu08 version,R,Belegt ,unsigned short,15:BMU-HV900112/,,
,,,2 Bytes,,26:BMU-HV50056/,,
,,,,,38:BMU-HV900105/,,
,,,,,50:HV90 0120/,,
,,,,,41:BMU-HV90086,,
A921H,Bmu08 min cell voltage,R,Belegt 2 ,unsigned short,0.001V,,
,,,Bytes,,,,
A922H,Bmu08 min cell voltage ID,R,Belegt 2 ,unsigned short, ,,
,,,Bytes,,,,
A923H,Bmu08 max cell voltage,R,Belegt 2 ,unsigned short,0.001V,,
,,,Bytes,,,,
A924H,Bmu08 max cell voltage ID,R,Belegt 2 ,unsigned short, ,,
,,,Bytes,,,,
A925H,Bmu08 min cell temperature,R,Belegt 2 ,short, ,,
,,,Bytes,,,,
A926H,Bmu08 min cell temperature ID,R,Belegt 2 ,unsigned short,0.1℃/bit -40,,
,,,Bytes,,,,
,,,,,,,
A927H,Bmu08 max cell temperature,R,Belegt 2 ,short, ,,
,,,Bytes,,,,
A928H,Bmu08 max cell temperature ID,R,Belegt 2 ,unsigned short,0.1℃/bit -40,,
,,,Bytes,,,,
A929H~, , , , , ,,
A9FFH,,,,,Reserve,,
AA00H,Bmu09 SN,R,Belegt 4 ,unsigned, ,,
AA01H,,,Bytes,int,,,
AA02H,Bmu09 soft version,R,Belegt 2 ,unsigned short,0.01/bit,,
,,,Bytes,,,,
AA03H,Bmu09 hard version,R,Belegt 2 ,unsigned short,0.01/bit,,
,,,Bytes,,,,
AA04H,Bmu09 state,R,Belegt 2 ,unsigned short,Hinweis13,,
,,,Bytes,,,,
AA05H,Bmu09 cluster voltage,R,Belegt 2 ,unsigned short,0.1 V/bit,,
,,,Bytes,,,,
AA06H,Bmu09 cluster current,R,Belegt 2 ,short,0.1 A/bit,,
,,,Bytes,,,,
AA07H,Bmu09 insulated resistance,R,Belegt 2 ,unsigned short,1 kΩ/bit,,
,,,Bytes,,,,
AA08H,Bmu09 SOC,R,Belegt 2 ,unsigned short,0.4 %/bit,,
,,,Bytes,,,,
AA09H,Bmu09 SOH,R,Belegt 2 ,unsigned short,0.4 %/bit,,
,,,Bytes,,,,
AA0AH,Bmu09 LMU communication,R,Belegt 4 ,unsigned, ,,
AA0BH,failure,,Bytes,int,,,
AA0CH,Bmu09 temperature sensor failure,R,Belegt 4 ,unsigned, ,,
AA0DH,,,Bytes,int,,,
AA0EH,Bmu09 wireharness failure,R,Belegt 4 ,unsigned, ,,
AA0FH,,,Bytes,int,,,
AA10H,Bmu09 equalization,R,Belegt 4 ,unsigned, ,,
AA11H,,,Bytes,int,,,
AA12H,Bmu09 equalization mos failure,R,Belegt 4 ,unsigned, ,,
AA13H,,,Bytes,int,,,
AA14H,Bmu09 ISO soft version,R,Belegt 2 ,unsigned short,0.01,,
,,,Bytes,,,,
AA15H,Bmu03 ISO hard version,R,Belegt 2 ,unsigned short,0.01,,
,,,Bytes,,,,
AA16H,Bmu09 Passive equalization,R,Belegt 4 ,unsigned, ,,
AA17H,,,Bytes,int,,,
AA18H,Bmu09 BOOST equalization,R,Belegt 4 ,unsigned, ,,
AA19H,,,Bytes,int,,,
,,,,,,,
AA1AH,Bmu09 BUCK equalization,R,Belegt 4 ,unsigned, ,,
AA1BH,,,Bytes,int,,,
AA1CH,Bmu09 LMU number,R,Belegt 2 ,unsigned short, ,,
,,,Bytes,,,,
AA1DH,Bmu09 single cut fault code,R,Belegt 2 ,unsigned short,Hinweis14,,
,,,Bytes,,,,
AA1EH,Bmu09 reset log,R,Belegt 2 ,unsigned short,Hinweis15,,
,,,Bytes,,,,
AA1FH,Bmu09 restarts number,R,Belegt 2 ,unsigned short, ,,
,,,Bytes,,,,
AA20H,Bmu09 version,R,Belegt ,unsigned short,15:BMU-HV900112/,,
,,,2 Bytes,,26:BMU-HV50056/,,
,,,,,38:BMU-HV900105/,,
,,,,,50:HV90 0120/,,
,,,,,41:BMU-HV90086,,
AA21H,Bmu09 min cell voltage,R,Belegt 2 ,unsigned short,0.001V,,
,,,Bytes,,,,
AA22H,Bmu09 min cell voltage ID,R,Belegt 2 ,unsigned short, ,,
,,,Bytes,,,,
AA23H,Bmu09 max cell voltage,R,Belegt 2 ,unsigned short,0.001V,,
,,,Bytes,,,,
AA24H,Bmu09 max cell voltage ID,R,Belegt 2 ,unsigned short, ,,
,,,Bytes,,,,
AA25H,Bmu09 min cell temperature,R,Belegt 2 ,short, ,,
,,,Bytes,,,,
AA26H,Bmu09 min cell temperature ID,R,Belegt 2 ,unsigned short,0.1℃/bit -40,,
,,,Bytes,,,,
AA27H,Bmu09 max cell temperature,R,Belegt 2 ,short, ,,
,,,Bytes,,,,
AA28H,Bmu09 max cell temperature ID,R,Belegt 2 ,unsigned short,0.1℃/bit -40,,
,,,Bytes,,,,
AA29H~, , , , , ,,
AAFFH,,,,,Reserve,,
AB00H,Bmu10 SN,R,Belegt 4 ,unsigned, ,,
AB01H,,,Bytes,int,,,
AB02H,Bmu10 soft version,R,Belegt 2 ,unsigned short,0.01/bit,,
,,,Bytes,,,,
AB03H,Bmu10 hard version,R,Belegt 2 ,unsigned short,0.01/bit,,
,,,Bytes,,,,
AB04H,Bmu10 state,R,Belegt 2 ,unsigned short,Hinweis13,,
,,,Bytes,,,,
AB05H,Bmu10 cluster voltage,R,Belegt 2 ,unsigned short,0.1 V/bit,,
,,,Bytes,,,,
,,,,,,,
AB06H,Bmu10 cluster current,R,Belegt 2 ,short,0.1 A/bit,,
,,,Bytes,,,,
AB07H,Bmu10 insulated resistance,R,Belegt 2 ,unsigned short,1 kΩ/bit,,
,,,Bytes,,,,
AB08H,Bmu10 SOC,R,Belegt 2 ,unsigned short,0.4 %/bit,,
,,,Bytes,,,,
AB09H,Bmu10 SOH,R,Belegt 2 ,unsigned short,0.4 %/bit,,
,,,Bytes,,,,
AB0AH,Bmu10 LMU communication,R,Belegt 4 ,unsigned, ,,
AB0BH,failure,,Bytes,int,,,
AB0CH,Bmu10 temperature sensor failure,R,Belegt 4 ,unsigned, ,,
AB0DH,,,Bytes,int,,,
AB0EH,Bmu10 wireharness failure,R,Belegt 4 ,unsigned, ,,
AB0FH,,,Bytes,int,,,
AB10H,Bmu10 equalization,R,Belegt 4 ,unsigned, ,,
AB11H,,,Bytes,int,,,
AB12H,Bmu10 equalization mos failure,R,Belegt 4 ,unsigned, ,,
AB13H,,,Bytes,int,,,
AB14H,Bmu10 ISO soft version,R,Belegt 2 ,unsigned short,0.01,,
,,,Bytes,,,,
AB15H,Bmu10 ISO hard version,R,Belegt 2 ,unsigned short,0.01,,
,,,Bytes,,,,
AB16H,Bmu10 Passive equalization,R,Belegt 4 ,unsigned, ,,
AB17H,,,Bytes,int,,,
AB18H,Bmu10 BOOST equalization,R,Belegt 4 ,unsigned, ,,
AB19H,,,Bytes,int,,,
AB1AH,Bmu10 BUCK equalization,R,Belegt 4 ,unsigned, ,,
AB1BH,,,Bytes,int,,,
AB1CH,Bmu10 LMU number,R,Belegt 2 ,unsigned short, ,,
,,,Bytes,,,,
AB1DH,Bmu10 single cut fault code,R,Belegt 2 ,unsigned short,Hinweis14,,
,,,Bytes,,,,
AB1EH,Bmu10 reset log,R,Belegt 2 ,unsigned short,Hinweis15,,
,,,Bytes,,,,
AB1FH,Bmu10 restarts number,R,Belegt 2 ,unsigned short, ,,
,,,Bytes,,,,
AB20H,Bmu10 version,R,Belegt ,unsigned short,15:BMU-HV900112/,,
,,,2 Bytes,,26:BMU-HV50056/,,
,,,,,38:BMU-HV900105/,,
,,,,,50:HV90 0120/,,
,,,,,41:BMU-HV90086,,
AB21H,Bmu10 min cell voltage,R,Belegt 2 ,unsigned short,0.001V,,
,,,Bytes,,,,
,,,,,,,
AB22H,Bmu10 min cell voltage ID,R,Belegt 2 ,unsigned short, ,,
,,,Bytes,,,,
AB23H,Bmu10 max cell voltage,R,Belegt 2 ,unsigned short,0.001V,,
,,,Bytes,,,,
AB24H,Bmu10 max cell voltage ID,R,Belegt 2 ,unsigned short, ,,
,,,Bytes,,,,
AB25H,Bmu10 min cell temperature,R,Belegt 2 ,short, ,,
,,,Bytes,,,,
AB26H,Bmu10 min cell temperature ID,R,Belegt 2 ,unsigned short,0.1℃/bit -40,,
,,,Bytes,,,,
AB27H,Bmu10 max cell temperature,R,Belegt 2 ,short, ,,
,,,Bytes,,,,
AB28H,Bmu10 max cell temperature ID,R,Belegt 2 ,unsigned short,0.1℃/bit -40,,
,,,Bytes,,,,
AB29H~, , , , , ,,
ABFFH,,,,,Reserve,,
AC00H,Bmu11 SN,R,Belegt 4 ,unsigned, ,,
AC01H,,,Bytes,int,,,
AC02H,Bmu11 soft version,R,Belegt 2 ,unsigned short,0.01/bit,,
,,,Bytes,,,,
AC03H,Bmu11 hard version,R,Belegt 2 ,unsigned short,0.01/bit,,
,,,Bytes,,,,
AC04H,Bmu11 state,R,Belegt 2 ,unsigned short,Hinweis13,,
,,,Bytes,,,,
AC05H,Bmu11 cluster voltage,R,Belegt 2 ,unsigned short,0.1 V/bit,,
,,,Bytes,,,,
AC06H,Bmu11 cluster current,R,Belegt 2 ,short,0.1 A/bit,,
,,,Bytes,,,,
AC07H,Bmu11 insulated resistance,R,Belegt 2 ,unsigned short,1 kΩ/bit,,
,,,Bytes,,,,
AC08H,Bmu11 SOC,R,Belegt 2 ,unsigned short,0.4 %/bit,,
,,,Bytes,,,,
AC09H,Bmu11 SOH,R,Belegt 2 ,unsigned short,0.4 %/bit,,
,,,Bytes,,,,
AC0AH,Bmu11 LMU communication,R,Belegt 4 ,unsigned, ,,
AC0BH,failure,,Bytes,int,,,
AC0CH,Bmu11 temperature sensor failure,R,Belegt 4 ,unsigned, ,,
AC0DH,,,Bytes,int,,,
AC0EH,Bmu11 wireharness failure,R,Belegt 4 ,unsigned, ,,
AC0FH,,,Bytes,int,,,
AC10H,Bmu11 equalization,R,Belegt 4 ,unsigned, ,,
AC11H,,,Bytes,int,,,
,,,,,,,
AC12H,Bmu11 equalization mos failure,R,Belegt 4 ,unsigned, ,,
AC13H,,,Bytes,int,,,
AC14H,Bmu11 ISO soft version,R,Belegt 2 ,unsigned short,0.01,,
,,,Bytes,,,,
AC15H,Bmu11 ISO hard version,R,Belegt 2 ,unsigned short,0.01,,
,,,Bytes,,,,
AC16H,Bmu11 Passive equalization,R,Belegt 4 ,unsigned, ,,
AC17H,,,Bytes,int,,,
AC18H,Bmu11 BOOST equalization,R,Belegt 4 ,unsigned, ,,
AC19H,,,Bytes,int,,,
AC1AH,Bmu11 BUCK equalization,R,Belegt 4 ,unsigned, ,,
AC1BH,,,Bytes,int,,,
AC1CH,Bmu10 LMU number,R,Belegt 2 ,unsigned short, ,,
,,,Bytes,,,,
AC1DH,Bmu11 single cut fault code,R,Belegt 2 ,unsigned short,Hinweis14,,
,,,Bytes,,,,
AC1EH,Bmu11 reset log,R,Belegt 2 ,unsigned short,Hinweis15,,
,,,Bytes,,,,
AC1FH,Bmu11 restarts number,R,Belegt 2 ,unsigned short, ,,
,,,Bytes,,,,
AC20H,Bmu11 version,R,Belegt ,unsigned short,15:BMU-HV900112/,,
,,,2 Bytes,,26:BMU-HV50056/,,
,,,,,38:BMU-HV900105/,,
,,,,,50:HV90 0120/,,
,,,,,41:BMU-HV90086,,
AC21H,Bmu11 min cell voltage,R,Belegt 2 ,unsigned short,0.001V,,
,,,Bytes,,,,
AC22H,Bmu11 min cell voltage ID,R,Belegt 2 ,unsigned short, ,,
,,,Bytes,,,,
AC23H,Bmu11 max cell voltage,R,Belegt 2 ,unsigned short,0.001V,,
,,,Bytes,,,,
AC24H,Bmu11 max cell voltage ID,R,Belegt 2 ,unsigned short, ,,
,,,Bytes,,,,
AC25H,Bmu11 min cell temperature,R,Belegt 2 ,short, ,,
,,,Bytes,,,,
AC26H,Bmu11 min cell temperature ID,R,Belegt 2 ,unsigned short,0.1℃/bit -40,,
,,,Bytes,,,,
AC27H,Bmu11 max cell temperature,R,Belegt 2 ,short, ,,
,,,Bytes,,,,
AC28H,Bmu11 max cell temperature ID,R,Belegt 2 ,unsigned short,0.1℃/bit -40,,
,,,Bytes,,,,
AC29H~, , , , , ,,
ACFFH,,,,,Reserve,,
,,,,,,,
AD00H,Bmu12 SN,R,Belegt 4 ,unsigned, ,,
AD01H,,,Bytes,int,,,
AD02H,Bmu12 soft version,R,Belegt 2 ,unsigned short,0.01/bit,,
,,,Bytes,,,,
AD03H,Bmu12 hard version,R,Belegt 2 ,unsigned short,0.01/bit,,
,,,Bytes,,,,
AD04H,Bmu12 state,R,Belegt 2 ,unsigned short,Hinweis13,,
,,,Bytes,,,,
AD05H,Bmu12 cluster voltage,R,Belegt 2 ,unsigned short,0.1 V/bit,,
,,,Bytes,,,,
AD06H,Bmu12 cluster current,R,Belegt 2 ,short,0.1 A/bit,,
,,,Bytes,,,,
AD07H,Bmu12 insulated resistance,R,Belegt 2 ,unsigned short,1 kΩ/bit,,
,,,Bytes,,,,
AD08H,Bmu12 SOC,R,Belegt 2 ,unsigned short,0.4 %/bit,,
,,,Bytes,,,,
AD09H,Bmu12 SOH,R,Belegt 2 ,unsigned short,0.4 %/bit,,
,,,Bytes,,,,
AD0AH,Bmu12 LMU communication,R,Belegt 4 ,unsigned, ,,
AD0BH,failure,,Bytes,int,,,
AD0CH,Bmu12 temperature sensor failure,R,Belegt 4 ,unsigned, ,,
AD0DH,,,Bytes,int,,,
AD0EH,Bmu12 wireharness failure,R,Belegt 4 ,unsigned, ,,
AD0FH,,,Bytes,int,,,
AD10H,Bmu12 equalization,R,Belegt 4 ,unsigned, ,,
AD11H,,,Bytes,int,,,
AD12H,Bmu12 equalization mos failure,R,Belegt 4 ,unsigned, ,,
AD13H,,,Bytes,int,,,
AD14H,Bmu12 ISO soft version,R,Belegt 2 ,unsigned short,0.01,,
,,,Bytes,,,,
AD15H,Bmu12 ISO hard version,R,Belegt 2 ,unsigned short,0.01,,
,,,Bytes,,,,
AD16H,Bmu12 Passive equalization,R,Belegt 4 ,unsigned, ,,
AD17H,,,Bytes,int,,,
AD18H,Bmu12 BOOST equalization,R,Belegt 4 ,unsigned, ,,
AD19H,,,Bytes,int,,,
AD1AH,Bmu12 BUCK equalization,R,Belegt 4 ,unsigned, ,,
AD1BH,,,Bytes,int,,,
AD1CH,Bmu12 LMU number,R,Belegt 2 ,unsigned short, ,,
,,,Bytes,,,,
AD1DH,Bmu12 single cut fault code,R,Belegt 2 ,unsigned short,Hinweis14,,
,,,Bytes,,,,
,,,,,,,
AD1EH,Bmu12 reset log,R,Belegt 2 ,unsigned short,Hinweis15,,
,,,Bytes,,,,
AD1FH,Bmu12 restarts number,R,Belegt 2 ,unsigned short, ,,
,,,Bytes,,,,
AD20H,Bmu12 version,R,Belegt ,unsigned short,15:BMU-HV900112/,,
,,,2 Bytes,,26:BMU-HV50056/,,
,,,,,38:BMU-HV900105/,,
,,,,,50:HV90 0120/,,
,,,,,41:BMU-HV90086,,
AD21H,Bmu12 min cell voltage,R,Belegt 2 ,unsigned short,0.001V,,
,,,Bytes,,,,
AD22H,Bmu12 min cell voltage ID,R,Belegt 2 ,unsigned short, ,,
,,,Bytes,,,,
AD23H,Bmu12 max cell voltage,R,Belegt 2 ,unsigned short,0.001V,,
,,,Bytes,,,,
AD24H,Bmu12 max cell voltage ID,R,Belegt 2 ,unsigned short, ,,
,,,Bytes,,,,
AD25H,Bmu12 min cell temperature,R,Belegt 2 ,short, ,,
,,,Bytes,,,,
AD26H,Bmu12 min cell temperature ID,R,Belegt 2 ,unsigned short,0.1℃/bit -40,,
,,,Bytes,,,,
AD27H,Bmu12 max cell temperature,R,Belegt 2 ,short, ,,
,,,Bytes,,,,
AD28H,Bmu12 max cell temperature ID,R,Belegt 2 ,unsigned short,0.1℃/bit -40,,
,,,Bytes,,,,
AD29H~, , , , , ,,
ADFFH,,,,,Reserve,,
AE00H,Bmu13 SN,R,Belegt 4 ,unsigned, ,,
AE01H,,,Bytes,int,,,
AE02H,Bmu13 soft version,R,Belegt 2 ,unsigned short,0.01/bit,,
,,,Bytes,,,,
AE03H,Bmu13 hard version,R,Belegt 2 ,unsigned short,0.01/bit,,
,,,Bytes,,,,
AE04H,Bmu13 state,R,Belegt 2 ,unsigned short,Hinweis13,,
,,,Bytes,,,,
AE05H,Bmu13 cluster voltage,R,Belegt 2 ,unsigned short,0.1 V/bit,,
,,,Bytes,,,,
AE06H,Bmu13 cluster current,R,Belegt 2 ,short,0.1 A/bit,,
,,,Bytes,,,,
AE07H,Bmu13 insulated resistance,R,Belegt 2 ,unsigned short,1 kΩ/bit,,
,,,Bytes,,,,
AE08H,Bmu13 SOC,R,Belegt 2 ,unsigned short,0.4 %/bit,,
,,,Bytes,,,,
,,,,,,,
AE09H,Bmu13 SOH,R,Belegt 2 ,unsigned short,0.4 %/bit,,
,,,Bytes,,,,
AE0AH,Bmu13 LMU communication,R,Belegt 4 ,unsigned, ,,
AE0BH,failure,,Bytes,int,,,
AE0CH,Bmu13 temperature sensor failure,R,Belegt 4 ,unsigned, ,,
AE0DH,,,Bytes,int,,,
AE0EH,Bmu13 wireharness failure,R,Belegt 4 ,unsigned, ,,
AE0FH,,,Bytes,int,,,
AE10H,Bmu13 equalization,R,Belegt 4 ,unsigned, ,,
AE11H,,,Bytes,int,,,
AE12H,Bmu13 equalization mos failure,R,Belegt 4 ,unsigned, ,,
AE13H,,,Bytes,int,,,
AE14H,Bmu13 ISO soft version,R,Belegt 2 ,unsigned short,0.01,,
,,,Bytes,,,,
AE15H,Bmu13 ISO hard version,R,Belegt 2 ,unsigned short,0.01,,
,,,Bytes,,,,
AE16H,Bmu13 Passive equalization,R,Belegt 4 ,unsigned, ,,
AE17H,,,Bytes,int,,,
AE18H,Bmu13 BOOST equalization,R,Belegt 4 ,unsigned, ,,
AE19H,,,Bytes,int,,,
AE1AH,Bmu13 BUCK equalization,R,Belegt 4 ,unsigned, ,,
AE1BH,,,Bytes,int,,,
AE1CH,Bmu13 LMU number,R,Belegt 2 ,unsigned short, ,,
,,,Bytes,,,,
AE1DH,Bmu13 single cut fault code,R,Belegt 2 ,unsigned short,Hinweis14,,
,,,Bytes,,,,
AE1EH,Bmu13reset log,R,Belegt ,unsigned short,Hinweis15,,
,,,2 Bytes,,,,
AE1FH,Bmu13 restarts number,R,Belegt 2 ,unsigned short, ,,
,,,Bytes,,,,
AE20H,Bmu13 version,R,Belegt ,unsigned short,15:BMU-HV900112/,,
,,,2 Bytes,,26:BMU-HV50056/,,
,,,,,38:BMU-HV900105/,,
,,,,,50:HV90 0120/,,
,,,,,41:BMU-HV90086,,
AE21H,Bmu13 min cell voltage,R,Belegt 2 ,unsigned short,0.001V,,
,,,Bytes,,,,
AE22H,Bmu13 min cell voltage ID,R,Belegt 2 ,unsigned short, ,,
,,,Bytes,,,,
AE23H,Bmu13 max cell voltage,R,Belegt 2 ,unsigned short,0.001V,,
,,,Bytes,,,,
,,,,,,,
AE24H,Bmu13 max cell voltage ID,R,Belegt 2 ,unsigned short, ,,
,,,Bytes,,,,
AE25H,Bmu13 min cell temperature,R,Belegt 2 ,short, ,,
,,,Bytes,,,,
AE26H,Bmu13 min cell temperature ID,R,Belegt 2 ,unsigned short,0.1℃/bit -40,,
,,,Bytes,,,,
AE27H,Bmu13 max cell temperature,R,Belegt 2 ,short, ,,
,,,Bytes,,,,
AE28H,Bmu13 max cell temperature ID,R,Belegt 2 ,unsigned short,0.1℃/bit -40,,
,,,Bytes,,,,
AE29H~, , , , , ,,
AEFFH,,,,,Reserve,,
AF00H,Bmu14 SN,R,Belegt 4 ,unsigned, ,,
AF01H,,,Bytes,int,,,
AF02H,Bmu14 soft version,R,Belegt 2 ,unsigned short,0.01/bit,,
,,,Bytes,,,,
AF03H,Bmu14 hard version,R,Belegt 2 ,unsigned short,0.01/bit,,
,,,Bytes,,,,
AF04H,Bmu14 state,R,Belegt 2 ,unsigned short,Hinweis13,,
,,,Bytes,,,,
AF05H,Bmu14 cluster voltage,R,Belegt 2 ,unsigned short,0.1 V/bit,,
,,,Bytes,,,,
AF06H,Bmu14 cluster current,R,Belegt 2 ,short,0.1 A/bit,,
,,,Bytes,,,,
AF07H,Bmu14 insulated resistance,R,Belegt 2 ,unsigned short,1 kΩ/bit,,
,,,Bytes,,,,
AF08H,Bmu14 SOC,R,Belegt 2 ,unsigned short,0.4 %/bit,,
,,,Bytes,,,,
AF09H,Bmu14 SOH,R,Belegt 2 ,unsigned short,0.4 %/bit,,
,,,Bytes,,,,
AF0AH,Bmu14 LMU communication,R,Belegt 4 ,unsigned, ,,
AF0BH,failure,,Bytes,int,,,
AF0CH,Bmu14 temperature sensor failure,R,Belegt 4 ,unsigned, ,,
AF0DH,,,Bytes,int,,,
AF0EH,Bmu14 wireharness failure,R,Belegt 4 ,unsigned, ,,
AF0FH,,,Bytes,int,,,
AF10H,Bmu14 equalization,R,Belegt 4 ,unsigned, ,,
AF11H,,,Bytes,int,,,
AF12H,Bmu14 equalization mos failure,R,Belegt 4 ,unsigned, ,,
AF13H,,,Bytes,int,,,
AF14H,Bmu14 ISO soft version,R,Belegt 2 ,unsigned short,0.01,,
,,,Bytes,,,,
,,,,,,,
AF15H,Bmu14 ISO hard version,R,Belegt 2 ,unsigned short,0.01,,
,,,Bytes,,,,
AF16H,Bmu14 Passive equalization,R,Belegt 4 ,unsigned, ,,
AF17H,,,Bytes,int,,,
AF18H,Bmu14 BOOST equalization,R,Belegt 4 ,unsigned, ,,
AF19H,,,Bytes,int,,,
AF1AH,Bmu14 BUCK equalization,R,Belegt 4 ,unsigned, ,,
AF1BH,,,Bytes,int,,,
AF1CH,Bmu14 LMU number,R,Belegt 2 ,unsigned short, ,,
,,,Bytes,,,,
AF1DH,Bmu14single cut fault code,R,Belegt 2 ,unsigned short,Hinweis14,,
,,,Bytes,,,,
AF1EH,Bmu14 reset log,R,Belegt 2 ,unsigned short,Hinweis15,,
,,,Bytes,,,,
AF1FH,Bmu14 restarts number,R,Belegt 2 ,unsigned short, ,,
,,,Bytes,,,,
AF20H,Bmu14 version,R,Belegt ,unsigned short,15:BMU-HV900112/,,
,,,2 Bytes,,26:BMU-HV50056/,,
,,,,,38:BMU-HV900105/,,
,,,,,50:HV90 0120/,,
,,,,,41:BMU-HV90086,,
AF21H,Bmu14 min cell voltage,R,Belegt 2 ,unsigned short,0.001V,,
,,,Bytes,,,,
AF22H,Bmu14 min cell voltage ID,R,Belegt 2 ,unsigned short, ,,
,,,Bytes,,,,
AF23H,Bmu14 max cell voltage,R,Belegt 2 ,unsigned short,0.001V,,
,,,Bytes,,,,
AF24H,Bmu14 max cell voltage ID,R,Belegt 2 ,unsigned short, ,,
,,,Bytes,,,,
AF25H,Bmu14 min cell temperature,R,Belegt 2 ,short, ,,
,,,Bytes,,,,
AF26H,Bmu14 min cell temperature ID,R,Belegt 2 ,unsigned short,0.1℃/bit -40,,
,,,Bytes,,,,
AF27H,Bmu14 max cell temperature,R,Belegt 2 ,short, ,,
,,,Bytes,,,,
AF28H,Bmu14 max cell temperature ID,R,Belegt 2 ,unsigned short,0.1℃/bit -40,,
,,,Bytes,,,,
AF29H~, , , , , ,,
AFFFH,,,,,Reserve,,
B000H,Bmu15 SN,R,Belegt 4 ,unsigned, ,,
B001H,,,Bytes,int,,,
B002H,Bmu15 soft version,R,Belegt 2 ,unsigned short,0.01/bit,,
,,,Bytes,,,,
,,,,,,,
B003H,Bmu15 hard version,R,Belegt 2 ,unsigned short,0.01/bit,,
,,,Bytes,,,,
B004H,Bmu15 state,R,Belegt 2 ,unsigned short,Hinweis13,,
,,,Bytes,,,,
B005H,Bmu15 cluster voltage,R,Belegt 2 ,unsigned short,0.1 V/bit,,
,,,Bytes,,,,
B006H,Bmu15 cluster current,R,Belegt 2 ,short,0.1 A/bit,,
,,,Bytes,,,,
B007H,Bmu15 insulated resistance,R,Belegt 2 ,unsigned short,1 kΩ/bit,,
,,,Bytes,,,,
B008H,Bmu15 SOC,R,Belegt 2 ,unsigned short,0.4 %/bit,,
,,,Bytes,,,,
B009H,Bmu15 SOH,R,Belegt 2 ,unsigned short,0.4 %/bit,,
,,,Bytes,,,,
B00AH,Bmu15 LMU communication,R,Belegt 4 ,unsigned, ,,
B00BH,failure,,Bytes,int,,,
B00CH,Bmu15 temperature sensor failure,R,Belegt 4 ,unsigned, ,,
B00DH,,,Bytes,int,,,
B00EH,Bmu15 wireharness failure,R,Belegt 4 ,unsigned, ,,
B00FH,,,Bytes,int,,,
B010H,Bmu15 equalization,R,Belegt 4 ,unsigned, ,,
B011H,,,Bytes,int,,,
B012H,Bmu15 equalization mos failure,R,Belegt 4 ,unsigned, ,,
B013H,,,Bytes,int,,,
B014H,Bmu15 ISO soft version,R,Belegt 2 ,unsigned short,0.01,,
,,,Bytes,,,,
B015H,Bmu15 ISO hard version,R,Belegt 2 ,unsigned short,0.01,,
,,,Bytes,,,,
B016H,Bmu15 Passive equalization,R,Belegt 4 ,unsigned, ,,
B017H,,,Bytes,int,,,
B018H,Bmu15 BOOST equalization,R,Belegt 4 ,unsigned, ,,
B019H,,,Bytes,int,,,
B01AH,Bmu15 BUCK equalization,R,Belegt 4 ,unsigned, ,,
B01BH,,,Bytes,int,,,
B01CH,Bmu15 LMU number,R,Belegt 2 ,unsigned short, ,,
,,,Bytes,,,,
B01DH,Bmu15 single cut fault code,R,Belegt 2 ,unsigned short,Hinweis14,,
,,,Bytes,,,,
B01EH,Bmu15 reset log,R,Belegt 2 ,unsigned short,Hinweis15,,
,,,Bytes,,,,
B01FH,Bmu15 restarts number,R,Belegt 2 ,unsigned short, ,,
,,,Bytes,,,,
,,,,,,,
B020H,Bmu15 version,R,Belegt ,unsigned short,15:BMU-HV900112/,,
,,,2 Bytes,,26:BMU-HV50056/,,
,,,,,38:BMU-HV900105/,,
,,,,,50:HV900120/,,
,,,,,41:BMU- HV90086,,
B021H,Bmu15 min cell voltage,R,Belegt 2 ,unsigned short,0.001V,,
,,,Bytes,,,,
B022H,Bmu15 min cell voltage ID,R,Belegt 2 ,unsigned short, ,,
,,,Bytes,,,,
B023H,Bmu15 max cell voltage,R,Belegt 2 ,unsigned short,0.001V,,
,,,Bytes,,,,
B024H,Bmu15 max cell voltage ID,R,Belegt 2 ,unsigned short, ,,
,,,Bytes,,,,
B025H,Bmu15 min cell temperature,R,Belegt 2 ,short, ,,
,,,Bytes,,,,
B026H,Bmu15 min cell temperature ID,R,Belegt 2 ,unsigned short,0.1℃/bit -40,,
,,,Bytes,,,,
B027H,Bmu15 max cell temperature,R,Belegt 2 ,short, ,,
,,,Bytes,,,,
B028H,Bmu15 max cell temperature ID,R,Belegt 2 ,unsigned short,0.1℃/bit -40,,
,,,Bytes,,,,
B029H~, , , , , ,,
B0FFH,,,,,Reserve,,
B100H,Bmu16 SN,R,Belegt 4 ,unsigned, ,,
B101H,,,Bytes,int,,,
B102H,Bmu16 soft version,R,Belegt 2 ,unsigned short,0.01/bit,,
,,,Bytes,,,,
B103H,Bmu16 hard version,R,Belegt 2 ,unsigned short,0.01/bit,,
,,,Bytes,,,,
B104H,Bmu16 state,R,Belegt 2 ,unsigned short,Hinweis13,,
,,,Bytes,,,,
B105H,Bmu16 cluster voltage,R,Belegt 2 ,unsigned short,0.1 V/bit,,
,,,Bytes,,,,
B106H,Bmu16 cluster current,R,Belegt 2 ,short,0.1 A/bit,,
,,,Bytes,,,,
B107H,Bmu16 insulated resistance,R,Belegt 2 ,unsigned short,1 kΩ/bit,,
,,,Bytes,,,,
B108H,Bmu16 SOC,R,Belegt 2 ,unsigned short,0.4 %/bit,,
,,,Bytes,,,,
B109H,Bmu16 SOH,R,Belegt 2 ,unsigned short,0.4 %/bit,,
,,,Bytes,,,,
B10AH,Bmu16 LMU communication,R,Belegt 4 ,unsigned, ,,
B10BH,failure,,Bytes,int,,,
,,,,,,,
B10CH,Bmu16 temperature sensor failure,R,Belegt 4 ,unsigned, ,,
B10DH,,,Bytes,int,,,
B10EH,Bmu16 wireharness failure,R,Belegt 4 ,unsigned, ,,
B10FH,,,Bytes,int,,,
B110H,Bmu16 equalization,R,Belegt 4 ,unsigned, ,,
B111H,,,Bytes,int,,,
B112H,Bmu16 equalization mos failure,R,Belegt 4 ,unsigned, ,,
B113H,,,Bytes,int,,,
B114H,Bmu16 ISO soft version,R,Belegt 2 ,unsigned short,0.01,,
,,,Bytes,,,,
B115H,Bmu16 ISO hard version,R,Belegt 2 ,unsigned short,0.01,,
,,,Bytes,,,,
B116H,Bmu16 Passive equalization,R,Belegt 4 ,unsigned, ,,
B117H,,,Bytes,int,,,
B118H,Bmu16 BOOST equalization,R,Belegt 4 ,unsigned, ,,
B119H,,,Bytes,int,,,
B11AH,Bmu16 BUCK equalization,R,Belegt 4 ,unsigned, ,,
B11BH,,,Bytes,int,,,
B11CH,Bmu16 LMU number,R,Belegt 2 ,unsigned short, ,,
,,,Bytes,,,,
B11DH,Bmu16 single cut fault code,R,Belegt 2 ,unsigned short,Hinweis14,,
,,,Bytes,,,,
B11EH,Bmu16 reset log,R,Belegt 2 ,unsigned short,Hinweis15,,
,,,Bytes,,,,
B11FH,Bmu16 restarts number,R,Belegt 2 ,unsigned short, ,,
,,,Bytes,,,,
B120H,Bmu16 version,R,Belegt ,unsigned short,15:BMU-HV900112/,,
,,,2 Bytes,,26:BMU-HV50056/,,
,,,,,38:BMU-HV900105/,,
,,,,,50:HV90 0120/,,
,,,,,41:BMU-HV90086,,
B121H,Bmu16 min cell voltage,R,Belegt 2 ,unsigned short,0.001V,,
,,,Bytes,,,,
B122H,Bmu16 min cell voltage ID,R,Belegt 2 ,unsigned short, ,,
,,,Bytes,,,,
B123H,Bmu16 max cell voltage,R,Belegt 2 ,unsigned short,0.001V,,
,,,Bytes,,,,
B124H,Bmu16 max cell voltage ID,R,Belegt 2 ,unsigned short, ,,
,,,Bytes,,,,
B025H,Bmu16 min cell temperature,R,Belegt 2 ,short, ,,
,,,Bytes,,,,
B126H,Bmu16 min cell temperature ID,R,Belegt 2 ,unsigned short,0.1℃/bit -40,,
,,,Bytes,,,,
,,,,,,,
B127H,Bmu16 max cell temperature,R,Belegt 2 ,short, ,,
,,,Bytes,,,,
B128H,Bmu16 max cell temperature ID,R,Belegt 2 ,unsigned short,0.1℃/bit -40,,
,,,Bytes,,,,
B129H~, , , , , ,,
B1FFH,,,,,Reserve,,
B200H,Bmu17 SN,R,Belegt 4 ,unsigned, ,,
B201H,,,Bytes,int,,,
B202H,Bmu17 soft version,R,Belegt 2 ,unsigned short,0.01/bit,,
,,,Bytes,,,,
B203H,Bmu17 hard version,R,Belegt 2 ,unsigned short,0.01/bit,,
,,,Bytes,,,,
B204H,Bmu17 state,R,Belegt 2 ,unsigned short,Hinweis13,,
,,,Bytes,,,,
B205H,Bmu17 cluster voltage,R,Belegt 2 ,unsigned short,0.1 V/bit,,
,,,Bytes,,,,
B206H,Bmu17 cluster current,R,Belegt 2 ,short,0.1 A/bit,,
,,,Bytes,,,,
B207H,Bmu17 insulated resistance,R,Belegt 2 ,unsigned short,1 kΩ/bit,,
,,,Bytes,,,,
B208H,Bmu17 SOC,R,Belegt 2 ,unsigned short,0.4 %/bit,,
,,,Bytes,,,,
B209H,Bmu17 SOH,R,Belegt 2 ,unsigned short,0.4 %/bit,,
,,,Bytes,,,,
B20AH,Bmu17 LMU communication,R,Belegt 4 ,unsigned, ,,
B20BH,failure,,Bytes,int,,,
B20CH,Bmu17 temperature sensor failure,R,Belegt 4 ,unsigned, ,,
B20DH,,,Bytes,int,,,
B20EH,Bmu17 wireharness failure,R,Belegt 4 ,unsigned, ,,
B20FH,,,Bytes,int,,,
B210H,Bmu17 equalization,R,Belegt 4 ,unsigned, ,,
B211H,,,Bytes,int,,,
B212H,Bmu17 equalization mos failure,R,Belegt 4 ,unsigned, ,,
B213H,,,Bytes,int,,,
B214H,Bmu17 ISO soft version,R,Belegt 2 ,unsigned short,0.01,,
,,,Bytes,,,,
B215H,Bmu17 ISO hard version,R,Belegt 2 ,unsigned short,0.01,,
,,,Bytes,,,,
B216H,Bmu17 Passive equalization,R,Belegt 4 ,unsigned, ,,
B217H,,,Bytes,int,,,
B218H,Bmu17 BOOST equalization,R,Belegt 4 ,unsigned, ,,
B219H,,,Bytes,int,,,
,,,,,,,
B21AH,Bmu17 BUCK equalization,R,Belegt 4 ,unsigned, ,,
B21BH,,,Bytes,int,,,
B21CH,Bmu17 LMU number,R,Belegt 2 ,unsigned short, ,,
,,,Bytes,,,,
B21DH,Bmu17 single cut fault code,R,Belegt 2 ,unsigned short,Hinweis14,,
,,,Bytes,,,,
B21EH,Bmu17 reset log,R,Belegt 2 ,unsigned short,Hinweis15,,
,,,Bytes,,,,
B21FH,Bmu17 restarts number,R,Belegt 2 ,unsigned short, ,,
,,,Bytes,,,,
B220H,Bmu17 version,R,Belegt ,unsigned short,15:BMU-HV900112/,,
,,,2 Bytes,,26:BMU-HV50056/,,
,,,,,38:BMU-HV900105/,,
,,,,,50:HV90 0120/,,
,,,,,41:BMU-HV90086,,
B221H,Bmu17 min cell voltage,R,Belegt 2 ,unsigned short,0.001V,,
,,,Bytes,,,,
B222H,Bmu17 min cell voltage ID,R,Belegt 2 ,unsigned short, ,,
,,,Bytes,,,,
B223H,Bmu17 max cell voltage,R,Belegt 2 ,unsigned short,0.001V,,
,,,Bytes,,,,
B224H,Bmu17 max cell voltage ID,R,Belegt 2 ,unsigned short, ,,
,,,Bytes,,,,
B225H,Bmu17 min cell temperature,R,Belegt 2 ,short, ,,
,,,Bytes,,,,
B226H,Bmu17 min cell temperature ID,R,Belegt 2 ,unsigned short,0.1℃/bit -40,,
,,,Bytes,,,,
B227H,Bmu17 max cell temperature,R,Belegt 2 ,short, ,,
,,,Bytes,,,,
B228H,Bmu17 max cell temperature ID,R,Belegt 2 ,unsigned short,0.1℃/bit -40,,
,,,Bytes,,,,
B229H~, , , , , ,,
B2FFH,,,,,Reserve,,
B300H,Bmu18 SN,R,Belegt 4 ,unsigned, ,,
B301H,,,Bytes,int,,,
B302H,Bmu18 soft version,R,Belegt 2 ,unsigned short,0.01/bit,,
,,,Bytes,,,,
B303H,Bmu18 hard version,R,Belegt 2 ,unsigned short,0.01/bit,,
,,,Bytes,,,,
B304H,Bmu18 state,R,Belegt 2 ,unsigned short,Hinweis13,,
,,,Bytes,,,,
,,,,,,,
B305H,Bmu18 cluster voltage,R,Belegt 2 ,unsigned short,0.1 V/bit,,
,,,Bytes,,,,
B306H,Bmu18 cluster current,R,Belegt 2 ,short,0.1 A/bit,,
,,,Bytes,,,,
B307H,Bmu18 insulated resistance,R,Belegt 2 ,unsigned short,1 kΩ/bit,,
,,,Bytes,,,,
B308H,Bmu18 SOC,R,Belegt 2 ,unsigned short,0.4 %/bit,,
,,,Bytes,,,,
B309H,Bmu18 SOH,R,Belegt 2 ,unsigned short,0.4 %/bit,,
,,,Bytes,,,,
B30AH,Bmu18 LMU communication,R,Belegt 4 ,unsigned, ,,
B30BH,failure,,Bytes,int,,,
B30CH,Bmu18 temperature sensor failure,R,Belegt 4 ,unsigned, ,,
B30DH,,,Bytes,int,,,
B30EH,Bmu18 wireharness failure,R,Belegt 4 ,unsigned, ,,
B30FH,,,Bytes,int,,,
B310H,Bmu18 equalization,R,Belegt 4 ,unsigned, ,,
B311H,,,Bytes,int,,,
B312H,Bmu18 equalization mos failure,R,Belegt 4 ,unsigned, ,,
B313H,,,Bytes,int,,,
B314H,Bmu18 ISO soft version,R,Belegt 2 ,unsigned short,0.01,,
,,,Bytes,,,,
B315H,Bmu18 ISO hard version,R,Belegt 2 ,unsigned short,0.01,,
,,,Bytes,,,,
B316H,Bmu18 Passive equalization,R,Belegt 4 ,unsigned, ,,
B317H,,,Bytes,int,,,
B318H,Bmu18 BOOST equalization,R,Belegt 4 ,unsigned, ,,
B319H,,,Bytes,int,,,
B31AH,Bmu18 BUCK equalization,R,Belegt 4 ,unsigned, ,,
B31BH,,,Bytes,int,,,
B31CH,Bmu18 LMU number,R,Belegt 2 ,unsigned short, ,,
,,,Bytes,,,,
B31DH,Bmu18 single cut fault code,R,Belegt 2 ,unsigned short,Hinweis14,,
,,,Bytes,,,,
B31EH,Bmu18 reset log,R,Belegt 2 ,unsigned short,Hinweis15,,
,,,Bytes,,,,
B31FH,Bmu18 restarts number,R,Belegt 2 ,unsigned short, ,,
,,,Bytes,,,,
B320H,Bmu18 version,R,Belegt ,unsigned short,15:BMU-HV900112/,,
,,,2 Bytes,,26:BMU-HV50056/,,
,,,,,38:BMU-HV900105/,,
,,,,,50:HV90 0120/,,
,,,,,41:BMU-HV90086,,
,,,,,,,
B321H,Bmu18 min cell voltage,R,Belegt 2 ,unsigned short,0.001V,,
,,,Bytes,,,,
B322H,Bmu18 min cell voltage ID,R,Belegt 2 ,unsigned short, ,,
,,,Bytes,,,,
B323H,Bmu18 max cell voltage,R,Belegt 2 ,unsigned short,0.001V,,
,,,Bytes,,,,
B024H,Bmu18 max cell voltage ID,R,Belegt 2 ,unsigned short, ,,
,,,Bytes,,,,
B325H,Bmu18 min cell temperature,R,Belegt 2 ,short, ,,
,,,Bytes,,,,
B326H,Bmu18 min cell temperature ID,R,Belegt 2 ,unsigned short,0.1℃/bit -40,,
,,,Bytes,,,,
B327H,Bmu18 max cell temperature,R,Belegt 2 ,short, ,,
,,,Bytes,,,,
B328H,Bmu18 max cell temperature ID,R,Belegt 2 ,unsigned short,0.1℃/bit -40,,
,,,Bytes,,,,
B329H~, , , , , ,,
B3FFH,,,,,Reserve,,
B400H,Bmu19 SN,R,Belegt 4 ,unsigned, ,,
B401H,,,Bytes,int,,,
B402H,Bmu19 soft version,R,Belegt 2 ,unsigned short,0.01/bit,,
,,,Bytes,,,,
B403H,Bmu19 hard version,R,Belegt 2 ,unsigned short,0.01/bit,,
,,,Bytes,,,,
B404H,Bmu19 state,R,Belegt 2 ,unsigned short,Hinweis13,,
,,,Bytes,,,,
B405H,Bmu19 cluster voltage,R,Belegt 2 ,unsigned short,0.1 V/bit,,
,,,Bytes,,,,
B406H,Bmu19 cluster current,R,Belegt 2 ,short,0.1 A/bit,,
,,,Bytes,,,,
B407H,Bmu19 insulated resistance,R,Belegt 2 ,unsigned short,1 kΩ/bit,,
,,,Bytes,,,,
B408H,Bmu19 SOC,R,Belegt 2 ,unsigned short,0.4 %/bit,,
,,,Bytes,,,,
B409H,Bmu19 SOH,R,Belegt 2 ,unsigned short,0.4 %/bit,,
,,,Bytes,,,,
B40AH,Bmu19 LMU communication,R,Belegt 4 ,unsigned, ,,
B40BH,failure,,Bytes,int,,,
B40CH,Bmu19 temperature sensor failure,R,Belegt 4 ,unsigned, ,,
B40DH,,,Bytes,int,,,
B40EH,Bmu19 wireharness failure,R,Belegt 4 ,unsigned, ,,
B40FH,,,Bytes,int,,,
,,,,,,,
B410H,Bmu19 equalization,R,Belegt 4 ,unsigned, ,,
B411H,,,Bytes,int,,,
B412H,Bmu19 equalization mos failure,R,Belegt 4 ,unsigned, ,,
B413H,,,Bytes,int,,,
B414H,Bmu19 ISO soft version,R,Belegt 2 ,unsigned short,0.01,,
,,,Bytes,,,,
B415H,Bmu19 ISO hard version,R,Belegt 2 ,unsigned short,0.01,,
,,,Bytes,,,,
B416H,Bmu19 Passive equalization,R,Belegt 4 ,unsigned, ,,
B417H,,,Bytes,int,,,
B418H,Bmu19 BOOST equalization,R,Belegt 4 ,unsigned, ,,
B419H,,,Bytes,int,,,
B41AH,Bmu19 BUCK equalization,R,Belegt 4 ,unsigned, ,,
B41BH,,,Bytes,int,,,
B41CH,Bmu19 LMU number,R,Belegt 2 ,unsigned short, ,,
,,,Bytes,,,,
B41DH,Bmu19 single cut fault code,R,Belegt 2 ,unsigned short,Hinweis14,,
,,,Bytes,,,,
B41EH,Bmu19 reset log,R,Belegt 2 ,unsigned short,Hinweis15,,
,,,Bytes,,,,
B41FH,Bmu19 restarts number,R,Belegt 2 ,unsigned short, ,,
,,,Bytes,,,,
B420H,Bmu19 version,R,Belegt ,unsigned short,15:BMU-HV900112/,,
,,,2 Bytes,,26:BMU-HV50056/,,
,,,,,38:BMU-HV900105/,,
,,,,,50:HV90 0120/,,
,,,,,41:BMU-HV90086,,
B421H,Bmu19 min cell voltage,R,Belegt 2 ,unsigned short,0.001V,,
,,,Bytes,,,,
B422H,Bmu19 min cell voltage ID,R,Belegt 2 ,unsigned short, ,,
,,,Bytes,,,,
B423H,Bmu19 max cell voltage,R,Belegt 2 ,unsigned short,0.001V,,
,,,Bytes,,,,
B424H,Bmu19 max cell voltage ID,R,Belegt 2 ,unsigned short, ,,
,,,Bytes,,,,
B425H,Bmu19 min cell temperature,R,Belegt 2 ,short, ,,
,,,Bytes,,,,
B426H,Bmu19 min cell temperature ID,R,Belegt 2 ,unsigned short,0.1℃/bit -40,,
,,,Bytes,,,,
B427H,Bmu19 max cell temperature,R,Belegt 2 ,short, ,,
,,,Bytes,,,,
B428H,Bmu19 max cell temperature ID,R,Belegt 2 ,unsigned short,0.1℃/bit -40,,
,,,Bytes,,,,
,,,,,,,
B429H~, , , , , ,,
B4FFH,,,,,Reserve,,
B500H,Bmu20 SN,R,Belegt 4 ,unsigned, ,,
B501H,,,Bytes,int,,,
B502H,Bmu20 soft version,R,Belegt 2 ,unsigned short,0.01/bit,,
,,,Bytes,,,,
B503H,Bmu20 hard version,R,Belegt 2 ,unsigned short,0.01/bit,,
,,,Bytes,,,,
B504H,Bmu20 state,R,Belegt 2 ,unsigned short,Hinweis13,,
,,,Bytes,,,,
B505H,Bmu20 cluster voltage,R,Belegt 2 ,unsigned short,0.1 V/bit,,
,,,Bytes,,,,
B506H,Bmu20 cluster current,R,Belegt 2 ,short,0.1 A/bit,,
,,,Bytes,,,,
B507H,Bmu20 insulated resistance,R,Belegt 2 ,unsigned short,1 kΩ/bit,,
,,,Bytes,,,,
B508H,Bmu20 SOC,R,Belegt 2 ,unsigned short,0.4 %/bit,,
,,,Bytes,,,,
B509H,Bmu20 SOH,R,Belegt 2 ,unsigned short,0.4 %/bit,,
,,,Bytes,,,,
B50AH,Bmu20 LMU communication,R,Belegt 4 ,unsigned, ,,
B50BH,failure,,Bytes,int,,,
B50CH,Bmu20 temperature sensor failure,R,Belegt 4 ,unsigned, ,,
B50DH,,,Bytes,int,,,
B50EH,Bmu20 wireharness failure,R,Belegt 4 ,unsigned, ,,
B50FH,,,Bytes,int,,,
B510H,Bmu20 equalization,R,Belegt 4 ,unsigned, ,,
B511H,,,Bytes,int,,,
B512H,Bmu20 equalization mos failure,R,Belegt 4 ,unsigned, ,,
B513H,,,Bytes,int,,,
B514H,Bmu20 ISO soft version,R,Belegt 2 ,unsigned short,0.01,,
,,,Bytes,,,,
B515H,Bmu20 ISO hard version,R,Belegt 2 ,unsigned short,0.01,,
,,,Bytes,,,,
B516H,Bmu20 Passive equalization,R,Belegt 4 ,unsigned, ,,
B517H,,,Bytes,int,,,
B518H,Bmu20 BOOST equalization,R,Belegt 4 ,unsigned, ,,
B519H,,,Bytes,int,,,
B51AH,Bmu20BUCK equalization,R,Belegt 4 ,unsigned, ,,
B51BH,,,Bytes,int,,,
B51CH,Bmu20 LMU number,R,Belegt 2 ,unsigned short, ,,
,,,Bytes,,,,
B51DH,Bmu20 single cut fault code,R,Belegt 2 ,unsigned short,Hinweis14,,
,,,Bytes,,,,
B51EH,Bmu20 reset log,R,Belegt 2 ,unsigned short,Hinweis15,,
,,,Bytes,,,,
B51FH,Bmu20 restarts number,R,Belegt 2 ,unsigned short, ,,
,,,Bytes,,,,
B520H,Bmu20 version,R,Belegt ,unsigned short,15:BMU-HV900112/,,
,,,2 Bytes,,26:BMU-HV50056/,,
,,,,,38:BMU-HV900105/,,
,,,,,50:HV90 0120/,,
,,,,,41:BMU-HV90086,,
B521H,Bmu20 min cell voltage,R,Belegt 2 ,unsigned short,0.001V,,
,,,Bytes,,,,
B522H,Bmu20 min cell voltage ID,R,Belegt 2 ,unsigned short, ,,
,,,Bytes,,,,
B523H,Bmu20 max cell voltage,R,Belegt 2 ,unsigned short,0.001V,,
,,,Bytes,,,,
B524H,Bmu20 max cell voltage ID,R,Belegt 2 ,unsigned short, ,,
,,,Bytes,,,,
B525H,Bmu20 min cell temperature,R,Belegt 2 ,short, ,,
,,,Bytes,,,,
B526H,Bmu20 min cell temperature ID,R,Belegt 2 ,unsigned short,0.1℃/bit -40,,
,,,Bytes,,,,
B527H,Bmu20 max cell temperature,R,Belegt 2 ,short, ,,
,,,Bytes,,,,
B528H,Bmu20 max cell temperature ID,R,Belegt 2 ,unsigned short,0.1℃/bit -40,,
,,,Bytes,,,,
B529H~, , , , , ,,
B5FFH,,,,,Reserve,,
